<?xml version="1.0" standalone="yes"?>
<gpx xmlns="http://www.topografix.com/GPX/1/1" creator="KML2GPX.COM" version="1.1" xmlns:xsi="http://www.w3.org/2001/XMLSchema-instance" xsi:schemaLocation="http://www.topografix.com/GPX/1/1 http://www.topografix.com/GPX/1/1/gpx.xsd">
    <metadata>
        <name><![CDATA[ENG-courses-2025]]></name>
        <desc><![CDATA[Converted from a KML file KML2GPX.COM]]></desc>
                </metadata>

                
                                                                                                    
                <trk>
                    <name><![CDATA[ENG-courses-2025_Rimi Riga Marathon Course]]></name>
                    <desc><![CDATA[This is track no: 1]]></desc>
                    <number>1</number>
                    <trkseg>
                                                                                                                                                                                                <trkpt lat="56.94653290497482" lon="24.10483383361207">
                                                                                                            <ele>0</ele>
                                    <name>1</name>
                                </trkpt>
                                                                                                                                                                                                                                    <trkpt lat="56.9431859366232" lon="24.09802578849693">
                                                                                                            <ele>0</ele>
                                    <name>2</name>
                                </trkpt>
                                                                                                                                                                                                                                    <trkpt lat="56.9430277638409" lon="24.09767688322684">
                                                                                                            <ele>0</ele>
                                    <name>3</name>
                                </trkpt>
                                                                                                                                                                                                                                    <trkpt lat="56.94292027888018" lon="24.09733726095333">
                                                                                                            <ele>0</ele>
                                    <name>4</name>
                                </trkpt>
                                                                                                                                                                                                                                    <trkpt lat="56.94287762176071" lon="24.09719956088537">
                                                                                                            <ele>0</ele>
                                    <name>5</name>
                                </trkpt>
                                                                                                                                                                                                                                    <trkpt lat="56.94284326818168" lon="24.0969731845836">
                                                                                                            <ele>0</ele>
                                    <name>6</name>
                                </trkpt>
                                                                                                                                                                                                                                    <trkpt lat="56.94283297705018" lon="24.09682398457593">
                                                                                                            <ele>0</ele>
                                    <name>7</name>
                                </trkpt>
                                                                                                                                                                                                                                    <trkpt lat="56.94283598247669" lon="24.09669503739103">
                                                                                                            <ele>0</ele>
                                    <name>8</name>
                                </trkpt>
                                                                                                                                                                                                                                    <trkpt lat="56.94284105710387" lon="24.09660007984997">
                                                                                                            <ele>0</ele>
                                    <name>9</name>
                                </trkpt>
                                                                                                                                                                                                                                    <trkpt lat="56.94285853492398" lon="24.09648877180609">
                                                                                                            <ele>0</ele>
                                    <name>10</name>
                                </trkpt>
                                                                                                                                                                                                                                    <trkpt lat="56.94290587369193" lon="24.09632771549585">
                                                                                                            <ele>0</ele>
                                    <name>11</name>
                                </trkpt>
                                                                                                                                                                                                                                    <trkpt lat="56.94295276390854" lon="24.09621142913261">
                                                                                                            <ele>0</ele>
                                    <name>12</name>
                                </trkpt>
                                                                                                                                                                                                                                    <trkpt lat="56.94309692119551" lon="24.09609002873005">
                                                                                                            <ele>0</ele>
                                    <name>13</name>
                                </trkpt>
                                                                                                                                                                                                                                    <trkpt lat="56.94318310100659" lon="24.0960537236407">
                                                                                                            <ele>0</ele>
                                    <name>14</name>
                                </trkpt>
                                                                                                                                                                                                                                    <trkpt lat="56.94327553262892" lon="24.09605332918973">
                                                                                                            <ele>0</ele>
                                    <name>15</name>
                                </trkpt>
                                                                                                                                                                                                                                    <trkpt lat="56.94335897727572" lon="24.09609195308335">
                                                                                                            <ele>0</ele>
                                    <name>16</name>
                                </trkpt>
                                                                                                                                                                                                                                    <trkpt lat="56.94342676827917" lon="24.09614904316487">
                                                                                                            <ele>0</ele>
                                    <name>17</name>
                                </trkpt>
                                                                                                                                                                                                                                    <trkpt lat="56.9434853104731" lon="24.09623880003749">
                                                                                                            <ele>0</ele>
                                    <name>18</name>
                                </trkpt>
                                                                                                                                                                                                                                    <trkpt lat="56.94352310695837" lon="24.09631416151349">
                                                                                                            <ele>0</ele>
                                    <name>19</name>
                                </trkpt>
                                                                                                                                                                                                                                    <trkpt lat="56.94355462402597" lon="24.0964175802255">
                                                                                                            <ele>0</ele>
                                    <name>20</name>
                                </trkpt>
                                                                                                                                                                                                                                    <trkpt lat="56.94357951512063" lon="24.09653378194693">
                                                                                                            <ele>0</ele>
                                    <name>21</name>
                                </trkpt>
                                                                                                                                                                                                                                    <trkpt lat="56.94359569293982" lon="24.09666181453841">
                                                                                                            <ele>0</ele>
                                    <name>22</name>
                                </trkpt>
                                                                                                                                                                                                                                    <trkpt lat="56.94359027671465" lon="24.09680441504498">
                                                                                                            <ele>0</ele>
                                    <name>23</name>
                                </trkpt>
                                                                                                                                                                                                                                    <trkpt lat="56.9435825450251" lon="24.09690498609231">
                                                                                                            <ele>0</ele>
                                    <name>24</name>
                                </trkpt>
                                                                                                                                                                                                                                    <trkpt lat="56.94355973781964" lon="24.0970107700987">
                                                                                                            <ele>0</ele>
                                    <name>25</name>
                                </trkpt>
                                                                                                                                                                                                                                    <trkpt lat="56.94353522435506" lon="24.09709962018337">
                                                                                                            <ele>0</ele>
                                    <name>26</name>
                                </trkpt>
                                                                                                                                                                                                                                    <trkpt lat="56.94349618500716" lon="24.09720654373065">
                                                                                                            <ele>0</ele>
                                    <name>27</name>
                                </trkpt>
                                                                                                                                                                                                                                    <trkpt lat="56.94345809846218" lon="24.09727958462079">
                                                                                                            <ele>0</ele>
                                    <name>28</name>
                                </trkpt>
                                                                                                                                                                                                                                    <trkpt lat="56.943391203161" lon="24.09733648706906">
                                                                                                            <ele>0</ele>
                                    <name>29</name>
                                </trkpt>
                                                                                                                                                                                                                                    <trkpt lat="56.94209316424319" lon="24.09809776436452">
                                                                                                            <ele>0</ele>
                                    <name>30</name>
                                </trkpt>
                                                                                                                                                                                                                                    <trkpt lat="56.94005801066095" lon="24.09947289779211">
                                                                                                            <ele>0</ele>
                                    <name>31</name>
                                </trkpt>
                                                                                                                                                                                                                                    <trkpt lat="56.93564334334216" lon="24.10411041933381">
                                                                                                            <ele>0</ele>
                                    <name>32</name>
                                </trkpt>
                                                                                                                                                                                                                                    <trkpt lat="56.93529873749759" lon="24.10440677807616">
                                                                                                            <ele>0</ele>
                                    <name>33</name>
                                </trkpt>
                                                                                                                                                                                                                                    <trkpt lat="56.93433049861991" lon="24.10517367198192">
                                                                                                            <ele>0</ele>
                                    <name>34</name>
                                </trkpt>
                                                                                                                                                                                                                                    <trkpt lat="56.93263693801353" lon="24.10639553398194">
                                                                                                            <ele>0</ele>
                                    <name>35</name>
                                </trkpt>
                                                                                                                                                                                                                                    <trkpt lat="56.93233104973556" lon="24.10662984078498">
                                                                                                            <ele>0</ele>
                                    <name>36</name>
                                </trkpt>
                                                                                                                                                                                                                                    <trkpt lat="56.93226017898647" lon="24.10667632110091">
                                                                                                            <ele>0</ele>
                                    <name>37</name>
                                </trkpt>
                                                                                                                                                                                                                                    <trkpt lat="56.93221912931036" lon="24.10669972591428">
                                                                                                            <ele>0</ele>
                                    <name>38</name>
                                </trkpt>
                                                                                                                                                                                                                                    <trkpt lat="56.93189480198346" lon="24.10684355718937">
                                                                                                            <ele>0</ele>
                                    <name>39</name>
                                </trkpt>
                                                                                                                                                                                                                                    <trkpt lat="56.93174962301076" lon="24.1069009767498">
                                                                                                            <ele>0</ele>
                                    <name>40</name>
                                </trkpt>
                                                                                                                                                                                                                                    <trkpt lat="56.93153161067831" lon="24.10693975565952">
                                                                                                            <ele>0</ele>
                                    <name>41</name>
                                </trkpt>
                                                                                                                                                                                                                                    <trkpt lat="56.93130342616946" lon="24.10695800931738">
                                                                                                            <ele>0</ele>
                                    <name>42</name>
                                </trkpt>
                                                                                                                                                                                                                                    <trkpt lat="56.92995621659902" lon="24.10701687603544">
                                                                                                            <ele>0</ele>
                                    <name>43</name>
                                </trkpt>
                                                                                                                                                                                                                                    <trkpt lat="56.92884940608189" lon="24.1070614644043">
                                                                                                            <ele>0</ele>
                                    <name>44</name>
                                </trkpt>
                                                                                                                                                                                                                                    <trkpt lat="56.92842168934059" lon="24.10705544759671">
                                                                                                            <ele>0</ele>
                                    <name>45</name>
                                </trkpt>
                                                                                                                                                                                                                                    <trkpt lat="56.92785675589138" lon="24.10701823019282">
                                                                                                            <ele>0</ele>
                                    <name>46</name>
                                </trkpt>
                                                                                                                                                                                                                                    <trkpt lat="56.92647321114544" lon="24.10686516338798">
                                                                                                            <ele>0</ele>
                                    <name>47</name>
                                </trkpt>
                                                                                                                                                                                                                                    <trkpt lat="56.92628098403987" lon="24.1068973918572">
                                                                                                            <ele>0</ele>
                                    <name>48</name>
                                </trkpt>
                                                                                                                                                                                                                                    <trkpt lat="56.9262179083259" lon="24.10694079007667">
                                                                                                            <ele>0</ele>
                                    <name>49</name>
                                </trkpt>
                                                                                                                                                                                                                                    <trkpt lat="56.92616866421869" lon="24.107094790708">
                                                                                                            <ele>0</ele>
                                    <name>50</name>
                                </trkpt>
                                                                                                                                                                                                                                    <trkpt lat="56.9261402541571" lon="24.10733899224551">
                                                                                                            <ele>0</ele>
                                    <name>51</name>
                                </trkpt>
                                                                                                                                                                                                                                    <trkpt lat="56.926151538498" lon="24.10762094998948">
                                                                                                            <ele>0</ele>
                                    <name>52</name>
                                </trkpt>
                                                                                                                                                                                                                                    <trkpt lat="56.92621398328453" lon="24.10854010559861">
                                                                                                            <ele>0</ele>
                                    <name>53</name>
                                </trkpt>
                                                                                                                                                                                                                                    <trkpt lat="56.92626328105288" lon="24.1087377007438">
                                                                                                            <ele>0</ele>
                                    <name>54</name>
                                </trkpt>
                                                                                                                                                                                                                                    <trkpt lat="56.92646234415405" lon="24.10911410751545">
                                                                                                            <ele>0</ele>
                                    <name>55</name>
                                </trkpt>
                                                                                                                                                                                                                                    <trkpt lat="56.92735032225293" lon="24.11088700858885">
                                                                                                            <ele>0</ele>
                                    <name>56</name>
                                </trkpt>
                                                                                                                                                                                                                                    <trkpt lat="56.92789571805663" lon="24.11184492782629">
                                                                                                            <ele>0</ele>
                                    <name>57</name>
                                </trkpt>
                                                                                                                                                                                                                                    <trkpt lat="56.92991621128186" lon="24.11517316610153">
                                                                                                            <ele>0</ele>
                                    <name>58</name>
                                </trkpt>
                                                                                                                                                                                                                                    <trkpt lat="56.93669253060149" lon="24.12609264781725">
                                                                                                            <ele>0</ele>
                                    <name>59</name>
                                </trkpt>
                                                                                                                                                                                                                                    <trkpt lat="56.93713180906708" lon="24.12681840254258">
                                                                                                            <ele>0</ele>
                                    <name>60</name>
                                </trkpt>
                                                                                                                                                                                                                                    <trkpt lat="56.93779699804055" lon="24.12767766230755">
                                                                                                            <ele>0</ele>
                                    <name>61</name>
                                </trkpt>
                                                                                                                                                                                                                                    <trkpt lat="56.93806832757507" lon="24.12801912952506">
                                                                                                            <ele>0</ele>
                                    <name>62</name>
                                </trkpt>
                                                                                                                                                                                                                                    <trkpt lat="56.93818908932695" lon="24.12816093731349">
                                                                                                            <ele>0</ele>
                                    <name>63</name>
                                </trkpt>
                                                                                                                                                                                                                                    <trkpt lat="56.93828642461506" lon="24.12824990349485">
                                                                                                            <ele>0</ele>
                                    <name>64</name>
                                </trkpt>
                                                                                                                                                                                                                                    <trkpt lat="56.93840184524316" lon="24.12831840486679">
                                                                                                            <ele>0</ele>
                                    <name>65</name>
                                </trkpt>
                                                                                                                                                                                                                                    <trkpt lat="56.93845777641178" lon="24.12833227116801">
                                                                                                            <ele>0</ele>
                                    <name>66</name>
                                </trkpt>
                                                                                                                                                                                                                                    <trkpt lat="56.93852140003098" lon="24.12834197604494">
                                                                                                            <ele>0</ele>
                                    <name>67</name>
                                </trkpt>
                                                                                                                                                                                                                                    <trkpt lat="56.93859984202984" lon="24.12832644615138">
                                                                                                            <ele>0</ele>
                                    <name>68</name>
                                </trkpt>
                                                                                                                                                                                                                                    <trkpt lat="56.9386809411024" lon="24.12828950822571">
                                                                                                            <ele>0</ele>
                                    <name>69</name>
                                </trkpt>
                                                                                                                                                                                                                                    <trkpt lat="56.93874930482892" lon="24.1282170569133">
                                                                                                            <ele>0</ele>
                                    <name>70</name>
                                </trkpt>
                                                                                                                                                                                                                                    <trkpt lat="56.93883680638219" lon="24.12809867749835">
                                                                                                            <ele>0</ele>
                                    <name>71</name>
                                </trkpt>
                                                                                                                                                                                                                                    <trkpt lat="56.93897026583334" lon="24.12786107057353">
                                                                                                            <ele>0</ele>
                                    <name>72</name>
                                </trkpt>
                                                                                                                                                                                                                                    <trkpt lat="56.93904946080954" lon="24.12763051195745">
                                                                                                            <ele>0</ele>
                                    <name>73</name>
                                </trkpt>
                                                                                                                                                                                                                                    <trkpt lat="56.9390713340447" lon="24.1274027453923">
                                                                                                            <ele>0</ele>
                                    <name>74</name>
                                </trkpt>
                                                                                                                                                                                                                                    <trkpt lat="56.93905465757361" lon="24.12724348854394">
                                                                                                            <ele>0</ele>
                                    <name>75</name>
                                </trkpt>
                                                                                                                                                                                                                                    <trkpt lat="56.93902767421314" lon="24.12708092074108">
                                                                                                            <ele>0</ele>
                                    <name>76</name>
                                </trkpt>
                                                                                                                                                                                                                                    <trkpt lat="56.93822997333985" lon="24.12457880447298">
                                                                                                            <ele>0</ele>
                                    <name>77</name>
                                </trkpt>
                                                                                                                                                                                                                                    <trkpt lat="56.93815616862036" lon="24.12432113223925">
                                                                                                            <ele>0</ele>
                                    <name>78</name>
                                </trkpt>
                                                                                                                                                                                                                                    <trkpt lat="56.93813087994853" lon="24.12408896929828">
                                                                                                            <ele>0</ele>
                                    <name>79</name>
                                </trkpt>
                                                                                                                                                                                                                                    <trkpt lat="56.93814990009324" lon="24.12390568037824">
                                                                                                            <ele>0</ele>
                                    <name>80</name>
                                </trkpt>
                                                                                                                                                                                                                                    <trkpt lat="56.93823993225777" lon="24.1235015513305">
                                                                                                            <ele>0</ele>
                                    <name>81</name>
                                </trkpt>
                                                                                                                                                                                                                                    <trkpt lat="56.93846541413566" lon="24.12291069629525">
                                                                                                            <ele>0</ele>
                                    <name>82</name>
                                </trkpt>
                                                                                                                                                                                                                                    <trkpt lat="56.94054485788115" lon="24.11724627247675">
                                                                                                            <ele>0</ele>
                                    <name>83</name>
                                </trkpt>
                                                                                                                                                                                                                                    <trkpt lat="56.94337305327026" lon="24.11039794489002">
                                                                                                            <ele>0</ele>
                                    <name>84</name>
                                </trkpt>
                                                                                                                                                                                                                                    <trkpt lat="56.94432421893919" lon="24.10849544153888">
                                                                                                            <ele>0</ele>
                                    <name>85</name>
                                </trkpt>
                                                                                                                                                                                                                                    <trkpt lat="56.9445029493286" lon="24.1081044331343">
                                                                                                            <ele>0</ele>
                                    <name>86</name>
                                </trkpt>
                                                                                                                                                                                                                                    <trkpt lat="56.94543636727298" lon="24.1057249357662">
                                                                                                            <ele>0</ele>
                                    <name>87</name>
                                </trkpt>
                                                                                                                                                                                                                                    <trkpt lat="56.94594897547348" lon="24.10477910144765">
                                                                                                            <ele>0</ele>
                                    <name>88</name>
                                </trkpt>
                                                                                                                                                                                                                                    <trkpt lat="56.94633270926646" lon="24.10412141967151">
                                                                                                            <ele>0</ele>
                                    <name>89</name>
                                </trkpt>
                                                                                                                                                                                                                                    <trkpt lat="56.94659501213449" lon="24.10374086280385">
                                                                                                            <ele>0</ele>
                                    <name>90</name>
                                </trkpt>
                                                                                                                                                                                                                                    <trkpt lat="56.94684361631161" lon="24.10341537977646">
                                                                                                            <ele>0</ele>
                                    <name>91</name>
                                </trkpt>
                                                                                                                                                                                                                                    <trkpt lat="56.94687210902671" lon="24.1034140591185">
                                                                                                            <ele>0</ele>
                                    <name>92</name>
                                </trkpt>
                                                                                                                                                                                                                                    <trkpt lat="56.94689420936874" lon="24.10343778301263">
                                                                                                            <ele>0</ele>
                                    <name>93</name>
                                </trkpt>
                                                                                                                                                                                                                                    <trkpt lat="56.9469074593157" lon="24.10347022185234">
                                                                                                            <ele>0</ele>
                                    <name>94</name>
                                </trkpt>
                                                                                                                                                                                                                                    <trkpt lat="56.94690849949057" lon="24.1035121301241">
                                                                                                            <ele>0</ele>
                                    <name>95</name>
                                </trkpt>
                                                                                                                                                                                                                                    <trkpt lat="56.94690748412387" lon="24.10353443627067">
                                                                                                            <ele>0</ele>
                                    <name>96</name>
                                </trkpt>
                                                                                                                                                                                                                                    <trkpt lat="56.94690647091217" lon="24.10356019400541">
                                                                                                            <ele>0</ele>
                                    <name>97</name>
                                </trkpt>
                                                                                                                                                                                                                                    <trkpt lat="56.94689426884647" lon="24.10359144171263">
                                                                                                            <ele>0</ele>
                                    <name>98</name>
                                </trkpt>
                                                                                                                                                                                                                                    <trkpt lat="56.94647330430778" lon="24.10437211830499">
                                                                                                            <ele>0</ele>
                                    <name>99</name>
                                </trkpt>
                                                                                                                                                                                                                                    <trkpt lat="56.94642501622936" lon="24.10441679195784">
                                                                                                            <ele>0</ele>
                                    <name>100</name>
                                </trkpt>
                                                                                                                                                                                                                                    <trkpt lat="56.94637756272095" lon="24.10442604571377">
                                                                                                            <ele>0</ele>
                                    <name>101</name>
                                </trkpt>
                                                                                                                                                                                                                                    <trkpt lat="56.94635450415986" lon="24.10440722106635">
                                                                                                            <ele>0</ele>
                                    <name>102</name>
                                </trkpt>
                                                                                                                                                                                                                                    <trkpt lat="56.94631887667367" lon="24.10437294067486">
                                                                                                            <ele>0</ele>
                                    <name>103</name>
                                </trkpt>
                                                                                                                                                                                                                                    <trkpt lat="56.94628069968316" lon="24.10431199914058">
                                                                                                            <ele>0</ele>
                                    <name>104</name>
                                </trkpt>
                                                                                                                                                                                                                                    <trkpt lat="56.94046025512574" lon="24.09258736513874">
                                                                                                            <ele>0</ele>
                                    <name>105</name>
                                </trkpt>
                                                                                                                                                                                                                                    <trkpt lat="56.94038674488857" lon="24.09240538371959">
                                                                                                            <ele>0</ele>
                                    <name>106</name>
                                </trkpt>
                                                                                                                                                                                                                                    <trkpt lat="56.94034694219456" lon="24.09228516750089">
                                                                                                            <ele>0</ele>
                                    <name>107</name>
                                </trkpt>
                                                                                                                                                                                                                                    <trkpt lat="56.9403295844078" lon="24.09220595061464">
                                                                                                            <ele>0</ele>
                                    <name>108</name>
                                </trkpt>
                                                                                                                                                                                                                                    <trkpt lat="56.9403028582069" lon="24.09204661650907">
                                                                                                            <ele>0</ele>
                                    <name>109</name>
                                </trkpt>
                                                                                                                                                                                                                                    <trkpt lat="56.9402954346279" lon="24.09193793297342">
                                                                                                            <ele>0</ele>
                                    <name>110</name>
                                </trkpt>
                                                                                                                                                                                                                                    <trkpt lat="56.94030592945807" lon="24.09181826369629">
                                                                                                            <ele>0</ele>
                                    <name>111</name>
                                </trkpt>
                                                                                                                                                                                                                                    <trkpt lat="56.94033452782482" lon="24.09166857759464">
                                                                                                            <ele>0</ele>
                                    <name>112</name>
                                </trkpt>
                                                                                                                                                                                                                                    <trkpt lat="56.94043376779651" lon="24.09142677881976">
                                                                                                            <ele>0</ele>
                                    <name>113</name>
                                </trkpt>
                                                                                                                                                                                                                                    <trkpt lat="56.94231955931337" lon="24.08792631322707">
                                                                                                            <ele>0</ele>
                                    <name>114</name>
                                </trkpt>
                                                                                                                                                                                                                                    <trkpt lat="56.94347709455427" lon="24.08573942426343">
                                                                                                            <ele>0</ele>
                                    <name>115</name>
                                </trkpt>
                                                                                                                                                                                                                                    <trkpt lat="56.94373917592944" lon="24.08534085391377">
                                                                                                            <ele>0</ele>
                                    <name>116</name>
                                </trkpt>
                                                                                                                                                                                                                                    <trkpt lat="56.94383961132991" lon="24.08520208572301">
                                                                                                            <ele>0</ele>
                                    <name>117</name>
                                </trkpt>
                                                                                                                                                                                                                                    <trkpt lat="56.94384280366413" lon="24.08519234215921">
                                                                                                            <ele>0</ele>
                                    <name>118</name>
                                </trkpt>
                                                                                                                                                                                                                                    <trkpt lat="56.94396896080497" lon="24.08505049279304">
                                                                                                            <ele>0</ele>
                                    <name>119</name>
                                </trkpt>
                                                                                                                                                                                                                                    <trkpt lat="56.94437523529143" lon="24.08466237009128">
                                                                                                            <ele>0</ele>
                                    <name>120</name>
                                </trkpt>
                                                                                                                                                                                                                                    <trkpt lat="56.94649617109064" lon="24.08268247229791">
                                                                                                            <ele>0</ele>
                                    <name>121</name>
                                </trkpt>
                                                                                                                                                                                                                                    <trkpt lat="56.94683344290792" lon="24.08223165831059">
                                                                                                            <ele>0</ele>
                                    <name>122</name>
                                </trkpt>
                                                                                                                                                                                                                                    <trkpt lat="56.94703768342733" lon="24.08192292495469">
                                                                                                            <ele>0</ele>
                                    <name>123</name>
                                </trkpt>
                                                                                                                                                                                                                                    <trkpt lat="56.94788829559251" lon="24.08066372904393">
                                                                                                            <ele>0</ele>
                                    <name>124</name>
                                </trkpt>
                                                                                                                                                                                                                                    <trkpt lat="56.94839472576365" lon="24.07992471769041">
                                                                                                            <ele>0</ele>
                                    <name>125</name>
                                </trkpt>
                                                                                                                                                                                                                                    <trkpt lat="56.94874205179156" lon="24.07923653996147">
                                                                                                            <ele>0</ele>
                                    <name>126</name>
                                </trkpt>
                                                                                                                                                                                                                                    <trkpt lat="56.94892486361497" lon="24.07883151973547">
                                                                                                            <ele>0</ele>
                                    <name>127</name>
                                </trkpt>
                                                                                                                                                                                                                                    <trkpt lat="56.94924208817089" lon="24.07778836698381">
                                                                                                            <ele>0</ele>
                                    <name>128</name>
                                </trkpt>
                                                                                                                                                                                                                                    <trkpt lat="56.949528463587" lon="24.07679391277735">
                                                                                                            <ele>0</ele>
                                    <name>129</name>
                                </trkpt>
                                                                                                                                                                                                                                    <trkpt lat="56.94981574232113" lon="24.07591766219394">
                                                                                                            <ele>0</ele>
                                    <name>130</name>
                                </trkpt>
                                                                                                                                                                                                                                    <trkpt lat="56.95066269541683" lon="24.07361489068936">
                                                                                                            <ele>0</ele>
                                    <name>131</name>
                                </trkpt>
                                                                                                                                                                                                                                    <trkpt lat="56.95084155037216" lon="24.07318860306548">
                                                                                                            <ele>0</ele>
                                    <name>132</name>
                                </trkpt>
                                                                                                                                                                                                                                    <trkpt lat="56.95099991342564" lon="24.0728698083676">
                                                                                                            <ele>0</ele>
                                    <name>133</name>
                                </trkpt>
                                                                                                                                                                                                                                    <trkpt lat="56.95121755170115" lon="24.07248005558805">
                                                                                                            <ele>0</ele>
                                    <name>134</name>
                                </trkpt>
                                                                                                                                                                                                                                    <trkpt lat="56.9515464764543" lon="24.07202165025414">
                                                                                                            <ele>0</ele>
                                    <name>135</name>
                                </trkpt>
                                                                                                                                                                                                                                    <trkpt lat="56.95192066113997" lon="24.07153095513744">
                                                                                                            <ele>0</ele>
                                    <name>136</name>
                                </trkpt>
                                                                                                                                                                                                                                    <trkpt lat="56.95289058470657" lon="24.07067270027616">
                                                                                                            <ele>0</ele>
                                    <name>137</name>
                                </trkpt>
                                                                                                                                                                                                                                    <trkpt lat="56.95371532739654" lon="24.07000846788904">
                                                                                                            <ele>0</ele>
                                    <name>138</name>
                                </trkpt>
                                                                                                                                                                                                                                    <trkpt lat="56.95383529442168" lon="24.06994990331865">
                                                                                                            <ele>0</ele>
                                    <name>139</name>
                                </trkpt>
                                                                                                                                                                                                                                    <trkpt lat="56.95390840268603" lon="24.06990854835194">
                                                                                                            <ele>0</ele>
                                    <name>140</name>
                                </trkpt>
                                                                                                                                                                                                                                    <trkpt lat="56.95404133482982" lon="24.06986754003422">
                                                                                                            <ele>0</ele>
                                    <name>141</name>
                                </trkpt>
                                                                                                                                                                                                                                    <trkpt lat="56.95417504600643" lon="24.06985264505205">
                                                                                                            <ele>0</ele>
                                    <name>142</name>
                                </trkpt>
                                                                                                                                                                                                                                    <trkpt lat="56.95755636450947" lon="24.07062299787808">
                                                                                                            <ele>0</ele>
                                    <name>143</name>
                                </trkpt>
                                                                                                                                                                                                                                    <trkpt lat="56.95773488249223" lon="24.07062482478331">
                                                                                                            <ele>0</ele>
                                    <name>144</name>
                                </trkpt>
                                                                                                                                                                                                                                    <trkpt lat="56.95793829732819" lon="24.07052434700755">
                                                                                                            <ele>0</ele>
                                    <name>145</name>
                                </trkpt>
                                                                                                                                                                                                                                    <trkpt lat="56.95805995460027" lon="24.07044209687015">
                                                                                                            <ele>0</ele>
                                    <name>146</name>
                                </trkpt>
                                                                                                                                                                                                                                    <trkpt lat="56.95820836934882" lon="24.07029231022378">
                                                                                                            <ele>0</ele>
                                    <name>147</name>
                                </trkpt>
                                                                                                                                                                                                                                    <trkpt lat="56.95879306470938" lon="24.06967846864046">
                                                                                                            <ele>0</ele>
                                    <name>148</name>
                                </trkpt>
                                                                                                                                                                                                                                    <trkpt lat="56.95970589613071" lon="24.06838821120452">
                                                                                                            <ele>0</ele>
                                    <name>149</name>
                                </trkpt>
                                                                                                                                                                                                                                    <trkpt lat="56.96132027678546" lon="24.06602467408386">
                                                                                                            <ele>0</ele>
                                    <name>150</name>
                                </trkpt>
                                                                                                                                                                                                                                    <trkpt lat="56.96133705193198" lon="24.06597924727541">
                                                                                                            <ele>0</ele>
                                    <name>151</name>
                                </trkpt>
                                                                                                                                                                                                                                    <trkpt lat="56.96133801794505" lon="24.06592725849137">
                                                                                                            <ele>0</ele>
                                    <name>152</name>
                                </trkpt>
                                                                                                                                                                                                                                    <trkpt lat="56.96131822131694" lon="24.0658542649263">
                                                                                                            <ele>0</ele>
                                    <name>153</name>
                                </trkpt>
                                                                                                                                                                                                                                    <trkpt lat="56.95921166755794" lon="24.06283675907414">
                                                                                                            <ele>0</ele>
                                    <name>154</name>
                                </trkpt>
                                                                                                                                                                                                                                    <trkpt lat="56.95916055997077" lon="24.06273347169386">
                                                                                                            <ele>0</ele>
                                    <name>155</name>
                                </trkpt>
                                                                                                                                                                                                                                    <trkpt lat="56.95910577761912" lon="24.06259320965948">
                                                                                                            <ele>0</ele>
                                    <name>156</name>
                                </trkpt>
                                                                                                                                                                                                                                    <trkpt lat="56.9586651988036" lon="24.06094577608829">
                                                                                                            <ele>0</ele>
                                    <name>157</name>
                                </trkpt>
                                                                                                                                                                                                                                    <trkpt lat="56.95864286242313" lon="24.06090795549282">
                                                                                                            <ele>0</ele>
                                    <name>158</name>
                                </trkpt>
                                                                                                                                                                                                                                    <trkpt lat="56.9586155184369" lon="24.06090185070379">
                                                                                                            <ele>0</ele>
                                    <name>159</name>
                                </trkpt>
                                                                                                                                                                                                                                    <trkpt lat="56.95857478647306" lon="24.06092597263963">
                                                                                                            <ele>0</ele>
                                    <name>160</name>
                                </trkpt>
                                                                                                                                                                                                                                    <trkpt lat="56.95683388479056" lon="24.06241029579088">
                                                                                                            <ele>0</ele>
                                    <name>161</name>
                                </trkpt>
                                                                                                                                                                                                                                    <trkpt lat="56.95662462416532" lon="24.06256053758575">
                                                                                                            <ele>0</ele>
                                    <name>162</name>
                                </trkpt>
                                                                                                                                                                                                                                    <trkpt lat="56.95638812481646" lon="24.06271416095821">
                                                                                                            <ele>0</ele>
                                    <name>163</name>
                                </trkpt>
                                                                                                                                                                                                                                    <trkpt lat="56.95611239060662" lon="24.06283935349821">
                                                                                                            <ele>0</ele>
                                    <name>164</name>
                                </trkpt>
                                                                                                                                                                                                                                    <trkpt lat="56.95547751151612" lon="24.06303527223638">
                                                                                                            <ele>0</ele>
                                    <name>165</name>
                                </trkpt>
                                                                                                                                                                                                                                    <trkpt lat="56.95508069545374" lon="24.06305531705371">
                                                                                                            <ele>0</ele>
                                    <name>166</name>
                                </trkpt>
                                                                                                                                                                                                                                    <trkpt lat="56.95447033265648" lon="24.06305257848248">
                                                                                                            <ele>0</ele>
                                    <name>167</name>
                                </trkpt>
                                                                                                                                                                                                                                    <trkpt lat="56.95314543870902" lon="24.06287515077257">
                                                                                                            <ele>0</ele>
                                    <name>168</name>
                                </trkpt>
                                                                                                                                                                                                                                    <trkpt lat="56.95288169807642" lon="24.06288861020692">
                                                                                                            <ele>0</ele>
                                    <name>169</name>
                                </trkpt>
                                                                                                                                                                                                                                    <trkpt lat="56.95270156640088" lon="24.0629341937769">
                                                                                                            <ele>0</ele>
                                    <name>170</name>
                                </trkpt>
                                                                                                                                                                                                                                    <trkpt lat="56.95244728563372" lon="24.06302290357853">
                                                                                                            <ele>0</ele>
                                    <name>171</name>
                                </trkpt>
                                                                                                                                                                                                                                    <trkpt lat="56.95205832288959" lon="24.06325057701908">
                                                                                                            <ele>0</ele>
                                    <name>172</name>
                                </trkpt>
                                                                                                                                                                                                                                    <trkpt lat="56.95180082667389" lon="24.06350909248138">
                                                                                                            <ele>0</ele>
                                    <name>173</name>
                                </trkpt>
                                                                                                                                                                                                                                    <trkpt lat="56.95150935807256" lon="24.06384962358701">
                                                                                                            <ele>0</ele>
                                    <name>174</name>
                                </trkpt>
                                                                                                                                                                                                                                    <trkpt lat="56.95106357946149" lon="24.06446696448907">
                                                                                                            <ele>0</ele>
                                    <name>175</name>
                                </trkpt>
                                                                                                                                                                                                                                    <trkpt lat="56.95094501435207" lon="24.06470328966022">
                                                                                                            <ele>0</ele>
                                    <name>176</name>
                                </trkpt>
                                                                                                                                                                                                                                    <trkpt lat="56.95086503771736" lon="24.06488112280699">
                                                                                                            <ele>0</ele>
                                    <name>177</name>
                                </trkpt>
                                                                                                                                                                                                                                    <trkpt lat="56.95080798142706" lon="24.06508274690177">
                                                                                                            <ele>0</ele>
                                    <name>178</name>
                                </trkpt>
                                                                                                                                                                                                                                    <trkpt lat="56.95062044634288" lon="24.06695023918926">
                                                                                                            <ele>0</ele>
                                    <name>179</name>
                                </trkpt>
                                                                                                                                                                                                                                    <trkpt lat="56.95054245338861" lon="24.0674089245977">
                                                                                                            <ele>0</ele>
                                    <name>180</name>
                                </trkpt>
                                                                                                                                                                                                                                    <trkpt lat="56.95028430566802" lon="24.06854160835714">
                                                                                                            <ele>0</ele>
                                    <name>181</name>
                                </trkpt>
                                                                                                                                                                                                                                    <trkpt lat="56.94997394535339" lon="24.06967677078685">
                                                                                                            <ele>0</ele>
                                    <name>182</name>
                                </trkpt>
                                                                                                                                                                                                                                    <trkpt lat="56.94972084169259" lon="24.07038104615406">
                                                                                                            <ele>0</ele>
                                    <name>183</name>
                                </trkpt>
                                                                                                                                                                                                                                    <trkpt lat="56.94946479084201" lon="24.0709753852231">
                                                                                                            <ele>0</ele>
                                    <name>184</name>
                                </trkpt>
                                                                                                                                                                                                                                    <trkpt lat="56.94929547482266" lon="24.0713341544604">
                                                                                                            <ele>0</ele>
                                    <name>185</name>
                                </trkpt>
                                                                                                                                                                                                                                    <trkpt lat="56.9491653004406" lon="24.0715455220604">
                                                                                                            <ele>0</ele>
                                    <name>186</name>
                                </trkpt>
                                                                                                                                                                                                                                    <trkpt lat="56.94903586723234" lon="24.07172073633929">
                                                                                                            <ele>0</ele>
                                    <name>187</name>
                                </trkpt>
                                                                                                                                                                                                                                    <trkpt lat="56.94885314747571" lon="24.0719140320841">
                                                                                                            <ele>0</ele>
                                    <name>188</name>
                                </trkpt>
                                                                                                                                                                                                                                    <trkpt lat="56.94853487640297" lon="24.07218265949488">
                                                                                                            <ele>0</ele>
                                    <name>189</name>
                                </trkpt>
                                                                                                                                                                                                                                    <trkpt lat="56.94601390537662" lon="24.07413276937448">
                                                                                                            <ele>0</ele>
                                    <name>190</name>
                                </trkpt>
                                                                                                                                                                                                                                    <trkpt lat="56.94589686719524" lon="24.07426361456464">
                                                                                                            <ele>0</ele>
                                    <name>191</name>
                                </trkpt>
                                                                                                                                                                                                                                    <trkpt lat="56.94589356365242" lon="24.07427961779336">
                                                                                                            <ele>0</ele>
                                    <name>192</name>
                                </trkpt>
                                                                                                                                                                                                                                    <trkpt lat="56.94589743767816" lon="24.07429883461733">
                                                                                                            <ele>0</ele>
                                    <name>193</name>
                                </trkpt>
                                                                                                                                                                                                                                    <trkpt lat="56.94590692731767" lon="24.07432433804814">
                                                                                                            <ele>0</ele>
                                    <name>194</name>
                                </trkpt>
                                                                                                                                                                                                                                    <trkpt lat="56.94688167185939" lon="24.07681164546865">
                                                                                                            <ele>0</ele>
                                    <name>195</name>
                                </trkpt>
                                                                                                                                                                                                                                    <trkpt lat="56.94718784340546" lon="24.0775586809254">
                                                                                                            <ele>0</ele>
                                    <name>196</name>
                                </trkpt>
                                                                                                                                                                                                                                    <trkpt lat="56.94742048821449" lon="24.07813779961499">
                                                                                                            <ele>0</ele>
                                    <name>197</name>
                                </trkpt>
                                                                                                                                                                                                                                    <trkpt lat="56.9476764675311" lon="24.07879663514426">
                                                                                                            <ele>0</ele>
                                    <name>198</name>
                                </trkpt>
                                                                                                                                                                                                                                    <trkpt lat="56.94792689731425" lon="24.07954778907026">
                                                                                                            <ele>0</ele>
                                    <name>199</name>
                                </trkpt>
                                                                                                                                                                                                                                    <trkpt lat="56.94866072142479" lon="24.08232977064121">
                                                                                                            <ele>0</ele>
                                    <name>200</name>
                                </trkpt>
                                                                                                                                                                                                                                    <trkpt lat="56.94896560070219" lon="24.08387706033036">
                                                                                                            <ele>0</ele>
                                    <name>201</name>
                                </trkpt>
                                                                                                                                                                                                                                    <trkpt lat="56.94908965857573" lon="24.08463709432068">
                                                                                                            <ele>0</ele>
                                    <name>202</name>
                                </trkpt>
                                                                                                                                                                                                                                    <trkpt lat="56.94939126582436" lon="24.08630262522428">
                                                                                                            <ele>0</ele>
                                    <name>203</name>
                                </trkpt>
                                                                                                                                                                                                                                    <trkpt lat="56.95122244598961" lon="24.09584446344144">
                                                                                                            <ele>0</ele>
                                    <name>204</name>
                                </trkpt>
                                                                                                                                                                                                                                    <trkpt lat="56.95186226539878" lon="24.0991148129838">
                                                                                                            <ele>0</ele>
                                    <name>205</name>
                                </trkpt>
                                                                                                                                                                                                                                    <trkpt lat="56.95295547351733" lon="24.10441224173638">
                                                                                                            <ele>0</ele>
                                    <name>206</name>
                                </trkpt>
                                                                                                                                                                                                                                    <trkpt lat="56.95319375486964" lon="24.10552791325621">
                                                                                                            <ele>0</ele>
                                    <name>207</name>
                                </trkpt>
                                                                                                                                                                                                                                    <trkpt lat="56.9531997834647" lon="24.10559443902672">
                                                                                                            <ele>0</ele>
                                    <name>208</name>
                                </trkpt>
                                                                                                                                                                                                                                    <trkpt lat="56.95318668029172" lon="24.10565268572957">
                                                                                                            <ele>0</ele>
                                    <name>209</name>
                                </trkpt>
                                                                                                                                                                                                                                    <trkpt lat="56.95289551950878" lon="24.10601671533317">
                                                                                                            <ele>0</ele>
                                    <name>210</name>
                                </trkpt>
                                                                                                                                                                                                                                    <trkpt lat="56.95239537645502" lon="24.10670435824848">
                                                                                                            <ele>0</ele>
                                    <name>211</name>
                                </trkpt>
                                                                                                                                                                                                                                    <trkpt lat="56.95229099773002" lon="24.10693461056576">
                                                                                                            <ele>0</ele>
                                    <name>212</name>
                                </trkpt>
                                                                                                                                                                                                                                    <trkpt lat="56.95224712839628" lon="24.10703725251589">
                                                                                                            <ele>0</ele>
                                    <name>213</name>
                                </trkpt>
                                                                                                                                                                                                                                    <trkpt lat="56.95220174669633" lon="24.10717595681245">
                                                                                                            <ele>0</ele>
                                    <name>214</name>
                                </trkpt>
                                                                                                                                                                                                                                    <trkpt lat="56.95213518681376" lon="24.10739788258801">
                                                                                                            <ele>0</ele>
                                    <name>215</name>
                                </trkpt>
                                                                                                                                                                                                                                    <trkpt lat="56.9521321612914" lon="24.10740343076897">
                                                                                                            <ele>0</ele>
                                    <name>216</name>
                                </trkpt>
                                                                                                                                                                                                                                    <trkpt lat="56.95205652606077" lon="24.10782508606589">
                                                                                                            <ele>0</ele>
                                    <name>217</name>
                                </trkpt>
                                                                                                                                                                                                                                    <trkpt lat="56.95191432732631" lon="24.10888199408555">
                                                                                                            <ele>0</ele>
                                    <name>218</name>
                                </trkpt>
                                                                                                                                                                                                                                    <trkpt lat="56.95184580685283" lon="24.10913105560957">
                                                                                                            <ele>0</ele>
                                    <name>219</name>
                                </trkpt>
                                                                                                                                                                                                                                    <trkpt lat="56.9517636834579" lon="24.10935693817099">
                                                                                                            <ele>0</ele>
                                    <name>220</name>
                                </trkpt>
                                                                                                                                                                                                                                    <trkpt lat="56.95162978606969" lon="24.10963519783676">
                                                                                                            <ele>0</ele>
                                    <name>221</name>
                                </trkpt>
                                                                                                                                                                                                                                    <trkpt lat="56.95052827533861" lon="24.11145909634996">
                                                                                                            <ele>0</ele>
                                    <name>222</name>
                                </trkpt>
                                                                                                                                                                                                                                    <trkpt lat="56.95047633362713" lon="24.11180169468084">
                                                                                                            <ele>0</ele>
                                    <name>223</name>
                                </trkpt>
                                                                                                                                                                                                                                    <trkpt lat="56.95139407175451" lon="24.11354270367783">
                                                                                                            <ele>0</ele>
                                    <name>224</name>
                                </trkpt>
                                                                                                                                                                                                                                    <trkpt lat="56.95241591912625" lon="24.11515830764968">
                                                                                                            <ele>0</ele>
                                    <name>225</name>
                                </trkpt>
                                                                                                                                                                                                                                    <trkpt lat="56.95435625363834" lon="24.1180984699212">
                                                                                                            <ele>0</ele>
                                    <name>226</name>
                                </trkpt>
                                                                                                                                                                                                                                    <trkpt lat="56.95511979965243" lon="24.11937828423917">
                                                                                                            <ele>0</ele>
                                    <name>227</name>
                                </trkpt>
                                                                                                                                                                                                                                    <trkpt lat="56.95524561874992" lon="24.11958314594205">
                                                                                                            <ele>0</ele>
                                    <name>228</name>
                                </trkpt>
                                                                                                                                                                                                                                    <trkpt lat="56.95633764049109" lon="24.12147374865274">
                                                                                                            <ele>0</ele>
                                    <name>229</name>
                                </trkpt>
                                                                                                                                                                                                                                    <trkpt lat="56.95730144248849" lon="24.12324087646082">
                                                                                                            <ele>0</ele>
                                    <name>230</name>
                                </trkpt>
                                                                                                                                                                                                                                    <trkpt lat="56.95814710912217" lon="24.12472913175218">
                                                                                                            <ele>0</ele>
                                    <name>231</name>
                                </trkpt>
                                                                                                                                                                                                                                    <trkpt lat="56.95864528499426" lon="24.12567123381027">
                                                                                                            <ele>0</ele>
                                    <name>232</name>
                                </trkpt>
                                                                                                                                                                                                                                    <trkpt lat="56.95875095286566" lon="24.12590959462615">
                                                                                                            <ele>0</ele>
                                    <name>233</name>
                                </trkpt>
                                                                                                                                                                                                                                    <trkpt lat="56.9588601671821" lon="24.12621816857299">
                                                                                                            <ele>0</ele>
                                    <name>234</name>
                                </trkpt>
                                                                                                                                                                                                                                    <trkpt lat="56.96011334804958" lon="24.12998867762323">
                                                                                                            <ele>0</ele>
                                    <name>235</name>
                                </trkpt>
                                                                                                                                                                                                                                    <trkpt lat="56.9605122914286" lon="24.13109468519993">
                                                                                                            <ele>0</ele>
                                    <name>236</name>
                                </trkpt>
                                                                                                                                                                                                                                    <trkpt lat="56.96102827649419" lon="24.13244423587051">
                                                                                                            <ele>0</ele>
                                    <name>237</name>
                                </trkpt>
                                                                                                                                                                                                                                    <trkpt lat="56.96117966848679" lon="24.13280759748295">
                                                                                                            <ele>0</ele>
                                    <name>238</name>
                                </trkpt>
                                                                                                                                                                                                                                    <trkpt lat="56.96207750203794" lon="24.13487930450312">
                                                                                                            <ele>0</ele>
                                    <name>239</name>
                                </trkpt>
                                                                                                                                                                                                                                    <trkpt lat="56.96701850518362" lon="24.14693474154408">
                                                                                                            <ele>0</ele>
                                    <name>240</name>
                                </trkpt>
                                                                                                                                                                                                                                    <trkpt lat="56.96704471839425" lon="24.14700050047018">
                                                                                                            <ele>0</ele>
                                    <name>241</name>
                                </trkpt>
                                                                                                                                                                                                                                    <trkpt lat="56.9670604731631" lon="24.14703943630072">
                                                                                                            <ele>0</ele>
                                    <name>242</name>
                                </trkpt>
                                                                                                                                                                                                                                    <trkpt lat="56.96707575602628" lon="24.14706539255357">
                                                                                                            <ele>0</ele>
                                    <name>243</name>
                                </trkpt>
                                                                                                                                                                                                                                    <trkpt lat="56.96709908365411" lon="24.14706702691266">
                                                                                                            <ele>0</ele>
                                    <name>244</name>
                                </trkpt>
                                                                                                                                                                                                                                    <trkpt lat="56.96711490638609" lon="24.14706279078873">
                                                                                                            <ele>0</ele>
                                    <name>245</name>
                                </trkpt>
                                                                                                                                                                                                                                    <trkpt lat="56.9671302154765" lon="24.14706202171398">
                                                                                                            <ele>0</ele>
                                    <name>246</name>
                                </trkpt>
                                                                                                                                                                                                                                    <trkpt lat="56.96714350868116" lon="24.14704174759224">
                                                                                                            <ele>0</ele>
                                    <name>247</name>
                                </trkpt>
                                                                                                                                                                                                                                    <trkpt lat="56.96718009447058" lon="24.14698072178817">
                                                                                                            <ele>0</ele>
                                    <name>248</name>
                                </trkpt>
                                                                                                                                                                                                                                    <trkpt lat="56.96722047461424" lon="24.14689870022869">
                                                                                                            <ele>0</ele>
                                    <name>249</name>
                                </trkpt>
                                                                                                                                                                                                                                    <trkpt lat="56.96725532558752" lon="24.1468276247119">
                                                                                                            <ele>0</ele>
                                    <name>250</name>
                                </trkpt>
                                                                                                                                                                                                                                    <trkpt lat="56.96850188788765" lon="24.1432328054382">
                                                                                                            <ele>0</ele>
                                    <name>251</name>
                                </trkpt>
                                                                                                                                                                                                                                    <trkpt lat="56.96855083373925" lon="24.14308795294924">
                                                                                                            <ele>0</ele>
                                    <name>252</name>
                                </trkpt>
                                                                                                                                                                                                                                    <trkpt lat="56.96861983452157" lon="24.14291157427711">
                                                                                                            <ele>0</ele>
                                    <name>253</name>
                                </trkpt>
                                                                                                                                                                                                                                    <trkpt lat="56.96868958014065" lon="24.14276250709933">
                                                                                                            <ele>0</ele>
                                    <name>254</name>
                                </trkpt>
                                                                                                                                                                                                                                    <trkpt lat="56.97068999692413" lon="24.13844114695844">
                                                                                                            <ele>0</ele>
                                    <name>255</name>
                                </trkpt>
                                                                                                                                                                                                                                    <trkpt lat="56.97071171462951" lon="24.13840457797396">
                                                                                                            <ele>0</ele>
                                    <name>256</name>
                                </trkpt>
                                                                                                                                                                                                                                    <trkpt lat="56.9707312100801" lon="24.138401364964">
                                                                                                            <ele>0</ele>
                                    <name>257</name>
                                </trkpt>
                                                                                                                                                                                                                                    <trkpt lat="56.97076039295209" lon="24.13840086836179">
                                                                                                            <ele>0</ele>
                                    <name>258</name>
                                </trkpt>
                                                                                                                                                                                                                                    <trkpt lat="56.97079305455104" lon="24.13841634657681">
                                                                                                            <ele>0</ele>
                                    <name>259</name>
                                </trkpt>
                                                                                                                                                                                                                                    <trkpt lat="56.97082873774149" lon="24.1384725500584">
                                                                                                            <ele>0</ele>
                                    <name>260</name>
                                </trkpt>
                                                                                                                                                                                                                                    <trkpt lat="56.97237681627816" lon="24.14089536231369">
                                                                                                            <ele>0</ele>
                                    <name>261</name>
                                </trkpt>
                                                                                                                                                                                                                                    <trkpt lat="56.97243898298182" lon="24.14103855253828">
                                                                                                            <ele>0</ele>
                                    <name>262</name>
                                </trkpt>
                                                                                                                                                                                                                                    <trkpt lat="56.97248524264282" lon="24.14117391620042">
                                                                                                            <ele>0</ele>
                                    <name>263</name>
                                </trkpt>
                                                                                                                                                                                                                                    <trkpt lat="56.97297885454965" lon="24.14250931048127">
                                                                                                            <ele>0</ele>
                                    <name>264</name>
                                </trkpt>
                                                                                                                                                                                                                                    <trkpt lat="56.97314502562661" lon="24.14291866872492">
                                                                                                            <ele>0</ele>
                                    <name>265</name>
                                </trkpt>
                                                                                                                                                                                                                                    <trkpt lat="56.97324460779677" lon="24.1431151954439">
                                                                                                            <ele>0</ele>
                                    <name>266</name>
                                </trkpt>
                                                                                                                                                                                                                                    <trkpt lat="56.97333034627019" lon="24.14325823365677">
                                                                                                            <ele>0</ele>
                                    <name>267</name>
                                </trkpt>
                                                                                                                                                                                                                                    <trkpt lat="56.97562522619999" lon="24.14545248930759">
                                                                                                            <ele>0</ele>
                                    <name>268</name>
                                </trkpt>
                                                                                                                                                                                                                                    <trkpt lat="56.97583114782334" lon="24.14556747496952">
                                                                                                            <ele>0</ele>
                                    <name>269</name>
                                </trkpt>
                                                                                                                                                                                                                                    <trkpt lat="56.97609643195812" lon="24.14561694215571">
                                                                                                            <ele>0</ele>
                                    <name>270</name>
                                </trkpt>
                                                                                                                                                                                                                                    <trkpt lat="56.976203347621" lon="24.14561964713283">
                                                                                                            <ele>0</ele>
                                    <name>271</name>
                                </trkpt>
                                                                                                                                                                                                                                    <trkpt lat="56.97643616929794" lon="24.1456354796664">
                                                                                                            <ele>0</ele>
                                    <name>272</name>
                                </trkpt>
                                                                                                                                                                                                                                    <trkpt lat="56.97652198542416" lon="24.14562516587313">
                                                                                                            <ele>0</ele>
                                    <name>273</name>
                                </trkpt>
                                                                                                                                                                                                                                    <trkpt lat="56.97657982311573" lon="24.14561136608566">
                                                                                                            <ele>0</ele>
                                    <name>274</name>
                                </trkpt>
                                                                                                                                                                                                                                    <trkpt lat="56.9766102571005" lon="24.14558771103962">
                                                                                                            <ele>0</ele>
                                    <name>275</name>
                                </trkpt>
                                                                                                                                                                                                                                    <trkpt lat="56.97698987128405" lon="24.14512995787776">
                                                                                                            <ele>0</ele>
                                    <name>276</name>
                                </trkpt>
                                                                                                                                                                                                                                    <trkpt lat="56.97705811395694" lon="24.14510425714756">
                                                                                                            <ele>0</ele>
                                    <name>277</name>
                                </trkpt>
                                                                                                                                                                                                                                    <trkpt lat="56.97713850550322" lon="24.1450928724184">
                                                                                                            <ele>0</ele>
                                    <name>278</name>
                                </trkpt>
                                                                                                                                                                                                                                    <trkpt lat="56.97731997869532" lon="24.14511984101258">
                                                                                                            <ele>0</ele>
                                    <name>279</name>
                                </trkpt>
                                                                                                                                                                                                                                    <trkpt lat="56.97741628633208" lon="24.14517023421765">
                                                                                                            <ele>0</ele>
                                    <name>280</name>
                                </trkpt>
                                                                                                                                                                                                                                    <trkpt lat="56.97746160264794" lon="24.14521318078111">
                                                                                                            <ele>0</ele>
                                    <name>281</name>
                                </trkpt>
                                                                                                                                                                                                                                    <trkpt lat="56.97755216078931" lon="24.14529429105183">
                                                                                                            <ele>0</ele>
                                    <name>282</name>
                                </trkpt>
                                                                                                                                                                                                                                    <trkpt lat="56.97763498209777" lon="24.14538088992239">
                                                                                                            <ele>0</ele>
                                    <name>283</name>
                                </trkpt>
                                                                                                                                                                                                                                    <trkpt lat="56.97883868511289" lon="24.14658649570458">
                                                                                                            <ele>0</ele>
                                    <name>284</name>
                                </trkpt>
                                                                                                                                                                                                                                    <trkpt lat="56.98068722968429" lon="24.14832797300718">
                                                                                                            <ele>0</ele>
                                    <name>285</name>
                                </trkpt>
                                                                                                                                                                                                                                    <trkpt lat="56.98080144374533" lon="24.1484542084413">
                                                                                                            <ele>0</ele>
                                    <name>286</name>
                                </trkpt>
                                                                                                                                                                                                                                    <trkpt lat="56.98160920641526" lon="24.14958998203038">
                                                                                                            <ele>0</ele>
                                    <name>287</name>
                                </trkpt>
                                                                                                                                                                                                                                    <trkpt lat="56.98185779945409" lon="24.14994209397021">
                                                                                                            <ele>0</ele>
                                    <name>288</name>
                                </trkpt>
                                                                                                                                                                                                                                    <trkpt lat="56.9820084280444" lon="24.15016244990886">
                                                                                                            <ele>0</ele>
                                    <name>289</name>
                                </trkpt>
                                                                                                                                                                                                                                    <trkpt lat="56.98210566239423" lon="24.15031378938044">
                                                                                                            <ele>0</ele>
                                    <name>290</name>
                                </trkpt>
                                                                                                                                                                                                                                    <trkpt lat="56.98217520819446" lon="24.15046495636269">
                                                                                                            <ele>0</ele>
                                    <name>291</name>
                                </trkpt>
                                                                                                                                                                                                                                    <trkpt lat="56.98229703843379" lon="24.15079608867128">
                                                                                                            <ele>0</ele>
                                    <name>292</name>
                                </trkpt>
                                                                                                                                                                                                                                    <trkpt lat="56.98256568037603" lon="24.15153400257598">
                                                                                                            <ele>0</ele>
                                    <name>293</name>
                                </trkpt>
                                                                                                                                                                                                                                    <trkpt lat="56.98314556720247" lon="24.15312082195054">
                                                                                                            <ele>0</ele>
                                    <name>294</name>
                                </trkpt>
                                                                                                                                                                                                                                    <trkpt lat="56.98368082709705" lon="24.15467213699569">
                                                                                                            <ele>0</ele>
                                    <name>295</name>
                                </trkpt>
                                                                                                                                                                                                                                    <trkpt lat="56.98416039151433" lon="24.15633546708257">
                                                                                                            <ele>0</ele>
                                    <name>296</name>
                                </trkpt>
                                                                                                                                                                                                                                    <trkpt lat="56.9844010458246" lon="24.15695830812393">
                                                                                                            <ele>0</ele>
                                    <name>297</name>
                                </trkpt>
                                                                                                                                                                                                                                    <trkpt lat="56.98484046685746" lon="24.15815681584608">
                                                                                                            <ele>0</ele>
                                    <name>298</name>
                                </trkpt>
                                                                                                                                                                                                                                    <trkpt lat="56.9850434229524" lon="24.15863650104886">
                                                                                                            <ele>0</ele>
                                    <name>299</name>
                                </trkpt>
                                                                                                                                                                                                                                    <trkpt lat="56.98512172619348" lon="24.15883423788199">
                                                                                                            <ele>0</ele>
                                    <name>300</name>
                                </trkpt>
                                                                                                                                                                                                                                    <trkpt lat="56.98520121147127" lon="24.15900108957894">
                                                                                                            <ele>0</ele>
                                    <name>301</name>
                                </trkpt>
                                                                                                                                                                                                                                    <trkpt lat="56.98527925551664" lon="24.15914358665618">
                                                                                                            <ele>0</ele>
                                    <name>302</name>
                                </trkpt>
                                                                                                                                                                                                                                    <trkpt lat="56.98539932048843" lon="24.1593405857478">
                                                                                                            <ele>0</ele>
                                    <name>303</name>
                                </trkpt>
                                                                                                                                                                                                                                    <trkpt lat="56.98573760253174" lon="24.15984915840353">
                                                                                                            <ele>0</ele>
                                    <name>304</name>
                                </trkpt>
                                                                                                                                                                                                                                    <trkpt lat="56.98620469714549" lon="24.16051377001186">
                                                                                                            <ele>0</ele>
                                    <name>305</name>
                                </trkpt>
                                                                                                                                                                                                                                    <trkpt lat="56.98700436104996" lon="24.16174200806404">
                                                                                                            <ele>0</ele>
                                    <name>306</name>
                                </trkpt>
                                                                                                                                                                                                                                    <trkpt lat="56.9890615278019" lon="24.16475459404496">
                                                                                                            <ele>0</ele>
                                    <name>307</name>
                                </trkpt>
                                                                                                                                                                                                                                    <trkpt lat="56.98944070995459" lon="24.16519388849282">
                                                                                                            <ele>0</ele>
                                    <name>308</name>
                                </trkpt>
                                                                                                                                                                                                                                    <trkpt lat="56.99007765980296" lon="24.16560974084897">
                                                                                                            <ele>0</ele>
                                    <name>309</name>
                                </trkpt>
                                                                                                                                                                                                                                    <trkpt lat="56.99017287901828" lon="24.16568247377169">
                                                                                                            <ele>0</ele>
                                    <name>310</name>
                                </trkpt>
                                                                                                                                                                                                                                    <trkpt lat="56.9902426509517" lon="24.16572691388958">
                                                                                                            <ele>0</ele>
                                    <name>311</name>
                                </trkpt>
                                                                                                                                                                                                                                    <trkpt lat="56.99029892173941" lon="24.16571856008995">
                                                                                                            <ele>0</ele>
                                    <name>312</name>
                                </trkpt>
                                                                                                                                                                                                                                    <trkpt lat="56.99050246629284" lon="24.16567885093065">
                                                                                                            <ele>0</ele>
                                    <name>313</name>
                                </trkpt>
                                                                                                                                                                                                                                    <trkpt lat="56.99268483843985" lon="24.16440793205085">
                                                                                                            <ele>0</ele>
                                    <name>314</name>
                                </trkpt>
                                                                                                                                                                                                                                    <trkpt lat="56.99708839122978" lon="24.16178146836465">
                                                                                                            <ele>0</ele>
                                    <name>315</name>
                                </trkpt>
                                                                                                                                                                                                                                    <trkpt lat="56.997181641149" lon="24.16181489647605">
                                                                                                            <ele>0</ele>
                                    <name>316</name>
                                </trkpt>
                                                                                                                                                                                                                                    <trkpt lat="56.99721777985539" lon="24.16186369619443">
                                                                                                            <ele>0</ele>
                                    <name>317</name>
                                </trkpt>
                                                                                                                                                                                                                                    <trkpt lat="56.99765731864321" lon="24.16257962833097">
                                                                                                            <ele>0</ele>
                                    <name>318</name>
                                </trkpt>
                                                                                                                                                                                                                                    <trkpt lat="56.99772691932729" lon="24.16277929368232">
                                                                                                            <ele>0</ele>
                                    <name>319</name>
                                </trkpt>
                                                                                                                                                                                                                                    <trkpt lat="56.99776330854802" lon="24.16290794894584">
                                                                                                            <ele>0</ele>
                                    <name>320</name>
                                </trkpt>
                                                                                                                                                                                                                                    <trkpt lat="56.99800356068555" lon="24.163752363626">
                                                                                                            <ele>0</ele>
                                    <name>321</name>
                                </trkpt>
                                                                                                                                                                                                                                    <trkpt lat="56.99800978308189" lon="24.16383253812369">
                                                                                                            <ele>0</ele>
                                    <name>322</name>
                                </trkpt>
                                                                                                                                                                                                                                    <trkpt lat="56.99810085496626" lon="24.16494009784684">
                                                                                                            <ele>0</ele>
                                    <name>323</name>
                                </trkpt>
                                                                                                                                                                                                                                    <trkpt lat="56.99815394213526" lon="24.16537711262582">
                                                                                                            <ele>0</ele>
                                    <name>324</name>
                                </trkpt>
                                                                                                                                                                                                                                    <trkpt lat="56.99819602953222" lon="24.1656883975695">
                                                                                                            <ele>0</ele>
                                    <name>325</name>
                                </trkpt>
                                                                                                                                                                                                                                    <trkpt lat="56.99824934242848" lon="24.16590816473675">
                                                                                                            <ele>0</ele>
                                    <name>326</name>
                                </trkpt>
                                                                                                                                                                                                                                    <trkpt lat="56.9983305427711" lon="24.16604465139099">
                                                                                                            <ele>0</ele>
                                    <name>327</name>
                                </trkpt>
                                                                                                                                                                                                                                    <trkpt lat="56.99847483554128" lon="24.16615764422655">
                                                                                                            <ele>0</ele>
                                    <name>328</name>
                                </trkpt>
                                                                                                                                                                                                                                    <trkpt lat="56.99871801765582" lon="24.1661792129336">
                                                                                                            <ele>0</ele>
                                    <name>329</name>
                                </trkpt>
                                                                                                                                                                                                                                    <trkpt lat="56.99892470407437" lon="24.16609425158514">
                                                                                                            <ele>0</ele>
                                    <name>330</name>
                                </trkpt>
                                                                                                                                                                                                                                    <trkpt lat="56.99984871474142" lon="24.16515042341064">
                                                                                                            <ele>0</ele>
                                    <name>331</name>
                                </trkpt>
                                                                                                                                                                                                                                    <trkpt lat="56.99999731261079" lon="24.16504410310455">
                                                                                                            <ele>0</ele>
                                    <name>332</name>
                                </trkpt>
                                                                                                                                                                                                                                    <trkpt lat="57.00023233555937" lon="24.1649812500497">
                                                                                                            <ele>0</ele>
                                    <name>333</name>
                                </trkpt>
                                                                                                                                                                                                                                    <trkpt lat="57.00050638691295" lon="24.16497748508215">
                                                                                                            <ele>0</ele>
                                    <name>334</name>
                                </trkpt>
                                                                                                                                                                                                                                    <trkpt lat="57.00057330418903" lon="24.16498530884924">
                                                                                                            <ele>0</ele>
                                    <name>335</name>
                                </trkpt>
                                                                                                                                                                                                                                    <trkpt lat="57.00062184707604" lon="24.1650320134904">
                                                                                                            <ele>0</ele>
                                    <name>336</name>
                                </trkpt>
                                                                                                                                                                                                                                    <trkpt lat="57.00066100982655" lon="24.16508698201029">
                                                                                                            <ele>0</ele>
                                    <name>337</name>
                                </trkpt>
                                                                                                                                                                                                                                    <trkpt lat="57.00069795229614" lon="24.16525159067797">
                                                                                                            <ele>0</ele>
                                    <name>338</name>
                                </trkpt>
                                                                                                                                                                                                                                    <trkpt lat="57.00109507009243" lon="24.16778903836168">
                                                                                                            <ele>0</ele>
                                    <name>339</name>
                                </trkpt>
                                                                                                                                                                                                                                    <trkpt lat="57.00119552444049" lon="24.16823196630364">
                                                                                                            <ele>0</ele>
                                    <name>340</name>
                                </trkpt>
                                                                                                                                                                                                                                    <trkpt lat="57.00163133134713" lon="24.16971449999591">
                                                                                                            <ele>0</ele>
                                    <name>341</name>
                                </trkpt>
                                                                                                                                                                                                                                    <trkpt lat="57.00176641473564" lon="24.17012717124339">
                                                                                                            <ele>0</ele>
                                    <name>342</name>
                                </trkpt>
                                                                                                                                                                                                                                    <trkpt lat="57.00189188456645" lon="24.17042539992438">
                                                                                                            <ele>0</ele>
                                    <name>343</name>
                                </trkpt>
                                                                                                                                                                                                                                    <trkpt lat="57.00214257234291" lon="24.17055396700658">
                                                                                                            <ele>0</ele>
                                    <name>344</name>
                                </trkpt>
                                                                                                                                                                                                                                    <trkpt lat="57.0023154087686" lon="24.17062886088673">
                                                                                                            <ele>0</ele>
                                    <name>345</name>
                                </trkpt>
                                                                                                                                                                                                                                    <trkpt lat="57.00253755588621" lon="24.1706636386742">
                                                                                                            <ele>0</ele>
                                    <name>346</name>
                                </trkpt>
                                                                                                                                                                                                                                    <trkpt lat="57.00271767956976" lon="24.1705729066643">
                                                                                                            <ele>0</ele>
                                    <name>347</name>
                                </trkpt>
                                                                                                                                                                                                                                    <trkpt lat="57.00282793624385" lon="24.17048632167104">
                                                                                                            <ele>0</ele>
                                    <name>348</name>
                                </trkpt>
                                                                                                                                                                                                                                    <trkpt lat="57.00292671752114" lon="24.17036139658035">
                                                                                                            <ele>0</ele>
                                    <name>349</name>
                                </trkpt>
                                                                                                                                                                                                                                    <trkpt lat="57.00302874596387" lon="24.17016077164714">
                                                                                                            <ele>0</ele>
                                    <name>350</name>
                                </trkpt>
                                                                                                                                                                                                                                    <trkpt lat="57.00325771887136" lon="24.1693247932014">
                                                                                                            <ele>0</ele>
                                    <name>351</name>
                                </trkpt>
                                                                                                                                                                                                                                    <trkpt lat="57.00331303814043" lon="24.16914299324846">
                                                                                                            <ele>0</ele>
                                    <name>352</name>
                                </trkpt>
                                                                                                                                                                                                                                    <trkpt lat="57.00336927085154" lon="24.16904702943697">
                                                                                                            <ele>0</ele>
                                    <name>353</name>
                                </trkpt>
                                                                                                                                                                                                                                    <trkpt lat="57.00347387075449" lon="24.16891284019876">
                                                                                                            <ele>0</ele>
                                    <name>354</name>
                                </trkpt>
                                                                                                                                                                                                                                    <trkpt lat="57.00623568660126" lon="24.16556966300345">
                                                                                                            <ele>0</ele>
                                    <name>355</name>
                                </trkpt>
                                                                                                                                                                                                                                    <trkpt lat="57.00675519248716" lon="24.16486515351062">
                                                                                                            <ele>0</ele>
                                    <name>356</name>
                                </trkpt>
                                                                                                                                                                                                                                    <trkpt lat="57.00681028343329" lon="24.16476906998754">
                                                                                                            <ele>0</ele>
                                    <name>357</name>
                                </trkpt>
                                                                                                                                                                                                                                    <trkpt lat="57.0068379957433" lon="24.16466260762082">
                                                                                                            <ele>0</ele>
                                    <name>358</name>
                                </trkpt>
                                                                                                                                                                                                                                    <trkpt lat="57.00685889218992" lon="24.16453684491541">
                                                                                                            <ele>0</ele>
                                    <name>359</name>
                                </trkpt>
                                                                                                                                                                                                                                    <trkpt lat="57.00686866002936" lon="24.16438997457202">
                                                                                                            <ele>0</ele>
                                    <name>360</name>
                                </trkpt>
                                                                                                                                                                                                                                    <trkpt lat="57.00645206610192" lon="24.16008958504962">
                                                                                                            <ele>0</ele>
                                    <name>361</name>
                                </trkpt>
                                                                                                                                                                                                                                    <trkpt lat="57.00639062660298" lon="24.15977175989177">
                                                                                                            <ele>0</ele>
                                    <name>362</name>
                                </trkpt>
                                                                                                                                                                                                                                    <trkpt lat="57.00617068048125" lon="24.15903937117376">
                                                                                                            <ele>0</ele>
                                    <name>363</name>
                                </trkpt>
                                                                                                                                                                                                                                    <trkpt lat="57.00587290309627" lon="24.15814886471061">
                                                                                                            <ele>0</ele>
                                    <name>364</name>
                                </trkpt>
                                                                                                                                                                                                                                    <trkpt lat="57.00586864337804" lon="24.1580719079601">
                                                                                                            <ele>0</ele>
                                    <name>365</name>
                                </trkpt>
                                                                                                                                                                                                                                    <trkpt lat="57.00588872261322" lon="24.15799158391712">
                                                                                                            <ele>0</ele>
                                    <name>366</name>
                                </trkpt>
                                                                                                                                                                                                                                    <trkpt lat="57.00601356916105" lon="24.15766860311755">
                                                                                                            <ele>0</ele>
                                    <name>367</name>
                                </trkpt>
                                                                                                                                                                                                                                    <trkpt lat="57.00617620724341" lon="24.15697740003137">
                                                                                                            <ele>0</ele>
                                    <name>368</name>
                                </trkpt>
                                                                                                                                                                                                                                    <trkpt lat="57.00620456451512" lon="24.15690707419555">
                                                                                                            <ele>0</ele>
                                    <name>369</name>
                                </trkpt>
                                                                                                                                                                                                                                    <trkpt lat="57.00623159730063" lon="24.15685601666159">
                                                                                                            <ele>0</ele>
                                    <name>370</name>
                                </trkpt>
                                                                                                                                                                                                                                    <trkpt lat="57.00626931792624" lon="24.15683491154012">
                                                                                                            <ele>0</ele>
                                    <name>371</name>
                                </trkpt>
                                                                                                                                                                                                                                    <trkpt lat="57.0065250134015" lon="24.15677635749301">
                                                                                                            <ele>0</ele>
                                    <name>372</name>
                                </trkpt>
                                                                                                                                                                                                                                    <trkpt lat="57.01129282374747" lon="24.1561451966487">
                                                                                                            <ele>0</ele>
                                    <name>373</name>
                                </trkpt>
                                                                                                                                                                                                                                    <trkpt lat="57.01134516022971" lon="24.15608649774129">
                                                                                                            <ele>0</ele>
                                    <name>374</name>
                                </trkpt>
                                                                                                                                                                                                                                    <trkpt lat="57.01445500879093" lon="24.14935385035765">
                                                                                                            <ele>0</ele>
                                    <name>375</name>
                                </trkpt>
                                                                                                                                                                                                                                    <trkpt lat="57.01447048982098" lon="24.14934060761389">
                                                                                                            <ele>0</ele>
                                    <name>376</name>
                                </trkpt>
                                                                                                                                                                                                                                    <trkpt lat="57.0144928685384" lon="24.14933153801565">
                                                                                                            <ele>0</ele>
                                    <name>377</name>
                                </trkpt>
                                                                                                                                                                                                                                    <trkpt lat="57.01452092615072" lon="24.14933529682162">
                                                                                                            <ele>0</ele>
                                    <name>378</name>
                                </trkpt>
                                                                                                                                                                                                                                    <trkpt lat="57.0145494547569" lon="24.14934350121045">
                                                                                                            <ele>0</ele>
                                    <name>379</name>
                                </trkpt>
                                                                                                                                                                                                                                    <trkpt lat="57.01459955441647" lon="24.14936614282347">
                                                                                                            <ele>0</ele>
                                    <name>380</name>
                                </trkpt>
                                                                                                                                                                                                                                    <trkpt lat="57.01555559331316" lon="24.14975980850604">
                                                                                                            <ele>0</ele>
                                    <name>381</name>
                                </trkpt>
                                                                                                                                                                                                                                    <trkpt lat="57.01569860826968" lon="24.14982689639962">
                                                                                                            <ele>0</ele>
                                    <name>382</name>
                                </trkpt>
                                                                                                                                                                                                                                    <trkpt lat="57.01580364849193" lon="24.14986462451539">
                                                                                                            <ele>0</ele>
                                    <name>383</name>
                                </trkpt>
                                                                                                                                                                                                                                    <trkpt lat="57.01592165982764" lon="24.14990172858696">
                                                                                                            <ele>0</ele>
                                    <name>384</name>
                                </trkpt>
                                                                                                                                                                                                                                    <trkpt lat="57.01600692434347" lon="24.14992618262019">
                                                                                                            <ele>0</ele>
                                    <name>385</name>
                                </trkpt>
                                                                                                                                                                                                                                    <trkpt lat="57.01613320405031" lon="24.14995835970233">
                                                                                                            <ele>0</ele>
                                    <name>386</name>
                                </trkpt>
                                                                                                                                                                                                                                    <trkpt lat="57.01614137953411" lon="24.14993539154549">
                                                                                                            <ele>0</ele>
                                    <name>387</name>
                                </trkpt>
                                                                                                                                                                                                                                    <trkpt lat="57.01613727946985" lon="24.1499077098228">
                                                                                                            <ele>0</ele>
                                    <name>388</name>
                                </trkpt>
                                                                                                                                                                                                                                    <trkpt lat="57.01609836880047" lon="24.14989459425115">
                                                                                                            <ele>0</ele>
                                    <name>389</name>
                                </trkpt>
                                                                                                                                                                                                                                    <trkpt lat="57.01600895714205" lon="24.14986665358021">
                                                                                                            <ele>0</ele>
                                    <name>390</name>
                                </trkpt>
                                                                                                                                                                                                                                    <trkpt lat="57.01453242059631" lon="24.14924154630847">
                                                                                                            <ele>0</ele>
                                    <name>391</name>
                                </trkpt>
                                                                                                                                                                                                                                    <trkpt lat="57.01431978427" lon="24.14915676927781">
                                                                                                            <ele>0</ele>
                                    <name>392</name>
                                </trkpt>
                                                                                                                                                                                                                                    <trkpt lat="57.01406450232929" lon="24.14904697282598">
                                                                                                            <ele>0</ele>
                                    <name>393</name>
                                </trkpt>
                                                                                                                                                                                                                                    <trkpt lat="57.01391929835713" lon="24.1490220584937">
                                                                                                            <ele>0</ele>
                                    <name>394</name>
                                </trkpt>
                                                                                                                                                                                                                                    <trkpt lat="57.01347880578581" lon="24.14899843752398">
                                                                                                            <ele>0</ele>
                                    <name>395</name>
                                </trkpt>
                                                                                                                                                                                                                                    <trkpt lat="57.0129898854531" lon="24.14899924291212">
                                                                                                            <ele>0</ele>
                                    <name>396</name>
                                </trkpt>
                                                                                                                                                                                                                                    <trkpt lat="57.01237761431116" lon="24.14911803137357">
                                                                                                            <ele>0</ele>
                                    <name>397</name>
                                </trkpt>
                                                                                                                                                                                                                                    <trkpt lat="57.01166726187311" lon="24.14927542663383">
                                                                                                            <ele>0</ele>
                                    <name>398</name>
                                </trkpt>
                                                                                                                                                                                                                                    <trkpt lat="57.01055972795568" lon="24.14964462220255">
                                                                                                            <ele>0</ele>
                                    <name>399</name>
                                </trkpt>
                                                                                                                                                                                                                                    <trkpt lat="57.01049064538653" lon="24.14966299647543">
                                                                                                            <ele>0</ele>
                                    <name>400</name>
                                </trkpt>
                                                                                                                                                                                                                                    <trkpt lat="57.01042443175885" lon="24.14967542468311">
                                                                                                            <ele>0</ele>
                                    <name>401</name>
                                </trkpt>
                                                                                                                                                                                                                                    <trkpt lat="57.01023598417572" lon="24.14904700893266">
                                                                                                            <ele>0</ele>
                                    <name>402</name>
                                </trkpt>
                                                                                                                                                                                                                                    <trkpt lat="57.01019030471527" lon="24.14895805868989">
                                                                                                            <ele>0</ele>
                                    <name>403</name>
                                </trkpt>
                                                                                                                                                                                                                                    <trkpt lat="57.01004312411438" lon="24.14874204383624">
                                                                                                            <ele>0</ele>
                                    <name>404</name>
                                </trkpt>
                                                                                                                                                                                                                                    <trkpt lat="57.00880240428936" lon="24.14727997581807">
                                                                                                            <ele>0</ele>
                                    <name>405</name>
                                </trkpt>
                                                                                                                                                                                                                                    <trkpt lat="57.00832712844164" lon="24.14681802699523">
                                                                                                            <ele>0</ele>
                                    <name>406</name>
                                </trkpt>
                                                                                                                                                                                                                                    <trkpt lat="57.00758868641564" lon="24.14628405386906">
                                                                                                            <ele>0</ele>
                                    <name>407</name>
                                </trkpt>
                                                                                                                                                                                                                                    <trkpt lat="57.00574942778188" lon="24.14548782215464">
                                                                                                            <ele>0</ele>
                                    <name>408</name>
                                </trkpt>
                                                                                                                                                                                                                                    <trkpt lat="57.00428883967653" lon="24.14485948683198">
                                                                                                            <ele>0</ele>
                                    <name>409</name>
                                </trkpt>
                                                                                                                                                                                                                                    <trkpt lat="57.00330489045109" lon="24.14460733597903">
                                                                                                            <ele>0</ele>
                                    <name>410</name>
                                </trkpt>
                                                                                                                                                                                                                                    <trkpt lat="57.00302754939661" lon="24.14461215379345">
                                                                                                            <ele>0</ele>
                                    <name>411</name>
                                </trkpt>
                                                                                                                                                                                                                                    <trkpt lat="57.00272140727431" lon="24.14471989933836">
                                                                                                            <ele>0</ele>
                                    <name>412</name>
                                </trkpt>
                                                                                                                                                                                                                                    <trkpt lat="57.00241820035038" lon="24.14489471485448">
                                                                                                            <ele>0</ele>
                                    <name>413</name>
                                </trkpt>
                                                                                                                                                                                                                                    <trkpt lat="57.00221749454649" lon="24.14502898578342">
                                                                                                            <ele>0</ele>
                                    <name>414</name>
                                </trkpt>
                                                                                                                                                                                                                                    <trkpt lat="57.00198896424193" lon="24.14518491641059">
                                                                                                            <ele>0</ele>
                                    <name>415</name>
                                </trkpt>
                                                                                                                                                                                                                                    <trkpt lat="57.00175689192984" lon="24.14539080332557">
                                                                                                            <ele>0</ele>
                                    <name>416</name>
                                </trkpt>
                                                                                                                                                                                                                                    <trkpt lat="57.00102103397851" lon="24.14630595476429">
                                                                                                            <ele>0</ele>
                                    <name>417</name>
                                </trkpt>
                                                                                                                                                                                                                                    <trkpt lat="57.00024760847989" lon="24.14773194889829">
                                                                                                            <ele>0</ele>
                                    <name>418</name>
                                </trkpt>
                                                                                                                                                                                                                                    <trkpt lat="57.00021747571707" lon="24.14780000455744">
                                                                                                            <ele>0</ele>
                                    <name>419</name>
                                </trkpt>
                                                                                                                                                                                                                                    <trkpt lat="57.00019031091035" lon="24.14788014216043">
                                                                                                            <ele>0</ele>
                                    <name>420</name>
                                </trkpt>
                                                                                                                                                                                                                                    <trkpt lat="57.00018381633956" lon="24.14792700383076">
                                                                                                            <ele>0</ele>
                                    <name>421</name>
                                </trkpt>
                                                                                                                                                                                                                                    <trkpt lat="57.00018252603235" lon="24.14796824501373">
                                                                                                            <ele>0</ele>
                                    <name>422</name>
                                </trkpt>
                                                                                                                                                                                                                                    <trkpt lat="57.00019752949416" lon="24.14803326207536">
                                                                                                            <ele>0</ele>
                                    <name>423</name>
                                </trkpt>
                                                                                                                                                                                                                                    <trkpt lat="57.00023594371994" lon="24.1481127885782">
                                                                                                            <ele>0</ele>
                                    <name>424</name>
                                </trkpt>
                                                                                                                                                                                                                                    <trkpt lat="57.00499850504563" lon="24.15672018351376">
                                                                                                            <ele>0</ele>
                                    <name>425</name>
                                </trkpt>
                                                                                                                                                                                                                                    <trkpt lat="57.00501093130294" lon="24.15678945834757">
                                                                                                            <ele>0</ele>
                                    <name>426</name>
                                </trkpt>
                                                                                                                                                                                                                                    <trkpt lat="57.00500208844802" lon="24.15688097079703">
                                                                                                            <ele>0</ele>
                                    <name>427</name>
                                </trkpt>
                                                                                                                                                                                                                                    <trkpt lat="57.00496864272633" lon="24.15693630333928">
                                                                                                            <ele>0</ele>
                                    <name>428</name>
                                </trkpt>
                                                                                                                                                                                                                                    <trkpt lat="57.00494249539774" lon="24.15696388433231">
                                                                                                            <ele>0</ele>
                                    <name>429</name>
                                </trkpt>
                                                                                                                                                                                                                                    <trkpt lat="56.99071153724142" lon="24.16551841839729">
                                                                                                            <ele>0</ele>
                                    <name>430</name>
                                </trkpt>
                                                                                                                                                                                                                                    <trkpt lat="56.99056790977547" lon="24.16556490675567">
                                                                                                            <ele>0</ele>
                                    <name>431</name>
                                </trkpt>
                                                                                                                                                                                                                                    <trkpt lat="56.99053095563736" lon="24.16553110535307">
                                                                                                            <ele>0</ele>
                                    <name>432</name>
                                </trkpt>
                                                                                                                                                                                                                                    <trkpt lat="56.99050386079063" lon="24.16550489862612">
                                                                                                            <ele>0</ele>
                                    <name>433</name>
                                </trkpt>
                                                                                                                                                                                                                                    <trkpt lat="56.99043184521753" lon="24.16549714886371">
                                                                                                            <ele>0</ele>
                                    <name>434</name>
                                </trkpt>
                                                                                                                                                                                                                                    <trkpt lat="56.99036404998088" lon="24.16548968961317">
                                                                                                            <ele>0</ele>
                                    <name>435</name>
                                </trkpt>
                                                                                                                                                                                                                                    <trkpt lat="56.99022420770678" lon="24.16545761155812">
                                                                                                            <ele>0</ele>
                                    <name>436</name>
                                </trkpt>
                                                                                                                                                                                                                                    <trkpt lat="56.99005091786471" lon="24.16537734920158">
                                                                                                            <ele>0</ele>
                                    <name>437</name>
                                </trkpt>
                                                                                                                                                                                                                                    <trkpt lat="56.98991827590726" lon="24.16528977792303">
                                                                                                            <ele>0</ele>
                                    <name>438</name>
                                </trkpt>
                                                                                                                                                                                                                                    <trkpt lat="56.98978100997106" lon="24.16520615925153">
                                                                                                            <ele>0</ele>
                                    <name>439</name>
                                </trkpt>
                                                                                                                                                                                                                                    <trkpt lat="56.98952953494584" lon="24.16503442279845">
                                                                                                            <ele>0</ele>
                                    <name>440</name>
                                </trkpt>
                                                                                                                                                                                                                                    <trkpt lat="56.98925514591149" lon="24.16479258967266">
                                                                                                            <ele>0</ele>
                                    <name>441</name>
                                </trkpt>
                                                                                                                                                                                                                                    <trkpt lat="56.98902318344672" lon="24.16450819895563">
                                                                                                            <ele>0</ele>
                                    <name>442</name>
                                </trkpt>
                                                                                                                                                                                                                                    <trkpt lat="56.98676934777461" lon="24.16120650247119">
                                                                                                            <ele>0</ele>
                                    <name>443</name>
                                </trkpt>
                                                                                                                                                                                                                                    <trkpt lat="56.98669678640071" lon="24.16108216250845">
                                                                                                            <ele>0</ele>
                                    <name>444</name>
                                </trkpt>
                                                                                                                                                                                                                                    <trkpt lat="56.98665268522789" lon="24.16096104210056">
                                                                                                            <ele>0</ele>
                                    <name>445</name>
                                </trkpt>
                                                                                                                                                                                                                                    <trkpt lat="56.98660109660616" lon="24.16083844208856">
                                                                                                            <ele>0</ele>
                                    <name>446</name>
                                </trkpt>
                                                                                                                                                                                                                                    <trkpt lat="56.98656524450023" lon="24.1607613870166">
                                                                                                            <ele>0</ele>
                                    <name>447</name>
                                </trkpt>
                                                                                                                                                                                                                                    <trkpt lat="56.98650341889532" lon="24.16066887867835">
                                                                                                            <ele>0</ele>
                                    <name>448</name>
                                </trkpt>
                                                                                                                                                                                                                                    <trkpt lat="56.98637762159257" lon="24.16045888335902">
                                                                                                            <ele>0</ele>
                                    <name>449</name>
                                </trkpt>
                                                                                                                                                                                                                                    <trkpt lat="56.9863482422119" lon="24.16042894391125">
                                                                                                            <ele>0</ele>
                                    <name>450</name>
                                </trkpt>
                                                                                                                                                                                                                                    <trkpt lat="56.98627401524531" lon="24.16038006413323">
                                                                                                            <ele>0</ele>
                                    <name>451</name>
                                </trkpt>
                                                                                                                                                                                                                                    <trkpt lat="56.98622536788785" lon="24.16035281939329">
                                                                                                            <ele>0</ele>
                                    <name>452</name>
                                </trkpt>
                                                                                                                                                                                                                                    <trkpt lat="56.98615665269381" lon="24.16029586948">
                                                                                                            <ele>0</ele>
                                    <name>453</name>
                                </trkpt>
                                                                                                                                                                                                                                    <trkpt lat="56.98574619374229" lon="24.15976109757614">
                                                                                                            <ele>0</ele>
                                    <name>454</name>
                                </trkpt>
                                                                                                                                                                                                                                    <trkpt lat="56.98523618895907" lon="24.15896947004">
                                                                                                            <ele>0</ele>
                                    <name>455</name>
                                </trkpt>
                                                                                                                                                                                                                                    <trkpt lat="56.98496859242905" lon="24.15834857418195">
                                                                                                            <ele>0</ele>
                                    <name>456</name>
                                </trkpt>
                                                                                                                                                                                                                                    <trkpt lat="56.98419306762617" lon="24.1561697974537">
                                                                                                            <ele>0</ele>
                                    <name>457</name>
                                </trkpt>
                                                                                                                                                                                                                                    <trkpt lat="56.98373022363248" lon="24.15458806169791">
                                                                                                            <ele>0</ele>
                                    <name>458</name>
                                </trkpt>
                                                                                                                                                                                                                                    <trkpt lat="56.98349567632881" lon="24.1539092119796">
                                                                                                            <ele>0</ele>
                                    <name>459</name>
                                </trkpt>
                                                                                                                                                                                                                                    <trkpt lat="56.98244712057365" lon="24.15080691748944">
                                                                                                            <ele>0</ele>
                                    <name>460</name>
                                </trkpt>
                                                                                                                                                                                                                                    <trkpt lat="56.98232271412907" lon="24.14991157195837">
                                                                                                            <ele>0</ele>
                                    <name>461</name>
                                </trkpt>
                                                                                                                                                                                                                                    <trkpt lat="56.98223182257625" lon="24.14922085033488">
                                                                                                            <ele>0</ele>
                                    <name>462</name>
                                </trkpt>
                                                                                                                                                                                                                                    <trkpt lat="56.98219750877266" lon="24.14908980505067">
                                                                                                            <ele>0</ele>
                                    <name>463</name>
                                </trkpt>
                                                                                                                                                                                                                                    <trkpt lat="56.98196441667464" lon="24.14895451560512">
                                                                                                            <ele>0</ele>
                                    <name>464</name>
                                </trkpt>
                                                                                                                                                                                                                                    <trkpt lat="56.98141519086134" lon="24.14864314801605">
                                                                                                            <ele>0</ele>
                                    <name>465</name>
                                </trkpt>
                                                                                                                                                                                                                                    <trkpt lat="56.98048879927946" lon="24.14784294918366">
                                                                                                            <ele>0</ele>
                                    <name>466</name>
                                </trkpt>
                                                                                                                                                                                                                                    <trkpt lat="56.97877778592302" lon="24.14625884208512">
                                                                                                            <ele>0</ele>
                                    <name>467</name>
                                </trkpt>
                                                                                                                                                                                                                                    <trkpt lat="56.97759266738704" lon="24.14513736511221">
                                                                                                            <ele>0</ele>
                                    <name>468</name>
                                </trkpt>
                                                                                                                                                                                                                                    <trkpt lat="56.97749471922315" lon="24.14506798077431">
                                                                                                            <ele>0</ele>
                                    <name>469</name>
                                </trkpt>
                                                                                                                                                                                                                                    <trkpt lat="56.97738780108119" lon="24.14501818219819">
                                                                                                            <ele>0</ele>
                                    <name>470</name>
                                </trkpt>
                                                                                                                                                                                                                                    <trkpt lat="56.97726965602154" lon="24.14498425568332">
                                                                                                            <ele>0</ele>
                                    <name>471</name>
                                </trkpt>
                                                                                                                                                                                                                                    <trkpt lat="56.97667726590274" lon="24.14484883695425">
                                                                                                            <ele>0</ele>
                                    <name>472</name>
                                </trkpt>
                                                                                                                                                                                                                                    <trkpt lat="56.97637007795196" lon="24.14474444151743">
                                                                                                            <ele>0</ele>
                                    <name>473</name>
                                </trkpt>
                                                                                                                                                                                                                                    <trkpt lat="56.97508150864423" lon="24.1435853889811">
                                                                                                            <ele>0</ele>
                                    <name>474</name>
                                </trkpt>
                                                                                                                                                                                                                                    <trkpt lat="56.9732024098238" lon="24.1417874071225">
                                                                                                            <ele>0</ele>
                                    <name>475</name>
                                </trkpt>
                                                                                                                                                                                                                                    <trkpt lat="56.97210151960557" lon="24.14026051697958">
                                                                                                            <ele>0</ele>
                                    <name>476</name>
                                </trkpt>
                                                                                                                                                                                                                                    <trkpt lat="56.97079726058926" lon="24.1382694233887">
                                                                                                            <ele>0</ele>
                                    <name>477</name>
                                </trkpt>
                                                                                                                                                                                                                                    <trkpt lat="56.97079115485428" lon="24.13821991419391">
                                                                                                            <ele>0</ele>
                                    <name>478</name>
                                </trkpt>
                                                                                                                                                                                                                                    <trkpt lat="56.97079342355703" lon="24.13817152011937">
                                                                                                            <ele>0</ele>
                                    <name>479</name>
                                </trkpt>
                                                                                                                                                                                                                                    <trkpt lat="56.97110359210265" lon="24.13677915640834">
                                                                                                            <ele>0</ele>
                                    <name>480</name>
                                </trkpt>
                                                                                                                                                                                                                                    <trkpt lat="56.97171231605227" lon="24.13349922815834">
                                                                                                            <ele>0</ele>
                                    <name>481</name>
                                </trkpt>
                                                                                                                                                                                                                                    <trkpt lat="56.97251949736793" lon="24.12998015833871">
                                                                                                            <ele>0</ele>
                                    <name>482</name>
                                </trkpt>
                                                                                                                                                                                                                                    <trkpt lat="56.97251947291078" lon="24.12989567704537">
                                                                                                            <ele>0</ele>
                                    <name>483</name>
                                </trkpt>
                                                                                                                                                                                                                                    <trkpt lat="56.97248348257585" lon="24.12983660168121">
                                                                                                            <ele>0</ele>
                                    <name>484</name>
                                </trkpt>
                                                                                                                                                                                                                                    <trkpt lat="56.97229674004892" lon="24.12965724155782">
                                                                                                            <ele>0</ele>
                                    <name>485</name>
                                </trkpt>
                                                                                                                                                                                                                                    <trkpt lat="56.97147950356367" lon="24.12897677656633">
                                                                                                            <ele>0</ele>
                                    <name>486</name>
                                </trkpt>
                                                                                                                                                                                                                                    <trkpt lat="56.97054641964692" lon="24.12854562407739">
                                                                                                            <ele>0</ele>
                                    <name>487</name>
                                </trkpt>
                                                                                                                                                                                                                                    <trkpt lat="56.96983167226017" lon="24.12804270886614">
                                                                                                            <ele>0</ele>
                                    <name>488</name>
                                </trkpt>
                                                                                                                                                                                                                                    <trkpt lat="56.96845012205964" lon="24.12688673151195">
                                                                                                            <ele>0</ele>
                                    <name>489</name>
                                </trkpt>
                                                                                                                                                                                                                                    <trkpt lat="56.96839074536411" lon="24.12683415534864">
                                                                                                            <ele>0</ele>
                                    <name>490</name>
                                </trkpt>
                                                                                                                                                                                                                                    <trkpt lat="56.96836939063489" lon="24.12678443107757">
                                                                                                            <ele>0</ele>
                                    <name>491</name>
                                </trkpt>
                                                                                                                                                                                                                                    <trkpt lat="56.96835800346549" lon="24.1267280568807">
                                                                                                            <ele>0</ele>
                                    <name>492</name>
                                </trkpt>
                                                                                                                                                                                                                                    <trkpt lat="56.96835799799833" lon="24.12665002046268">
                                                                                                            <ele>0</ele>
                                    <name>493</name>
                                </trkpt>
                                                                                                                                                                                                                                    <trkpt lat="56.96904947523089" lon="24.12356325671389">
                                                                                                            <ele>0</ele>
                                    <name>494</name>
                                </trkpt>
                                                                                                                                                                                                                                    <trkpt lat="56.969961984047" lon="24.11996120051382">
                                                                                                            <ele>0</ele>
                                    <name>495</name>
                                </trkpt>
                                                                                                                                                                                                                                    <trkpt lat="56.96996195891034" lon="24.11987425733818">
                                                                                                            <ele>0</ele>
                                    <name>496</name>
                                </trkpt>
                                                                                                                                                                                                                                    <trkpt lat="56.96995268165306" lon="24.11980310667612">
                                                                                                            <ele>0</ele>
                                    <name>497</name>
                                </trkpt>
                                                                                                                                                                                                                                    <trkpt lat="56.96992165742163" lon="24.1197411980638">
                                                                                                            <ele>0</ele>
                                    <name>498</name>
                                </trkpt>
                                                                                                                                                                                                                                    <trkpt lat="56.96988958379045" lon="24.11971324446113">
                                                                                                            <ele>0</ele>
                                    <name>499</name>
                                </trkpt>
                                                                                                                                                                                                                                    <trkpt lat="56.9654328438129" lon="24.11606067135234">
                                                                                                            <ele>0</ele>
                                    <name>500</name>
                                </trkpt>
                                                                                                                                                                                                                                    <trkpt lat="56.96502234900776" lon="24.11572127075177">
                                                                                                            <ele>0</ele>
                                    <name>501</name>
                                </trkpt>
                                                                                                                                                                                                                                    <trkpt lat="56.96349851271627" lon="24.11431329940908">
                                                                                                            <ele>0</ele>
                                    <name>502</name>
                                </trkpt>
                                                                                                                                                                                                                                    <trkpt lat="56.96307459162989" lon="24.11391453352341">
                                                                                                            <ele>0</ele>
                                    <name>503</name>
                                </trkpt>
                                                                                                                                                                                                                                    <trkpt lat="56.96293498104116" lon="24.11377237388482">
                                                                                                            <ele>0</ele>
                                    <name>504</name>
                                </trkpt>
                                                                                                                                                                                                                                    <trkpt lat="56.96280165268192" lon="24.11359360188716">
                                                                                                            <ele>0</ele>
                                    <name>505</name>
                                </trkpt>
                                                                                                                                                                                                                                    <trkpt lat="56.96269037520758" lon="24.11336792381585">
                                                                                                            <ele>0</ele>
                                    <name>506</name>
                                </trkpt>
                                                                                                                                                                                                                                    <trkpt lat="56.96262608118128" lon="24.11322940049054">
                                                                                                            <ele>0</ele>
                                    <name>507</name>
                                </trkpt>
                                                                                                                                                                                                                                    <trkpt lat="56.96258024008088" lon="24.113067442579">
                                                                                                            <ele>0</ele>
                                    <name>508</name>
                                </trkpt>
                                                                                                                                                                                                                                    <trkpt lat="56.96253659798241" lon="24.11280716554351">
                                                                                                            <ele>0</ele>
                                    <name>509</name>
                                </trkpt>
                                                                                                                                                                                                                                    <trkpt lat="56.96251750820228" lon="24.11261314385392">
                                                                                                            <ele>0</ele>
                                    <name>510</name>
                                </trkpt>
                                                                                                                                                                                                                                    <trkpt lat="56.96251390043605" lon="24.11224333371179">
                                                                                                            <ele>0</ele>
                                    <name>511</name>
                                </trkpt>
                                                                                                                                                                                                                                    <trkpt lat="56.96269190885301" lon="24.10364192472596">
                                                                                                            <ele>0</ele>
                                    <name>512</name>
                                </trkpt>
                                                                                                                                                                                                                                    <trkpt lat="56.96268270603848" lon="24.10361409928983">
                                                                                                            <ele>0</ele>
                                    <name>513</name>
                                </trkpt>
                                                                                                                                                                                                                                    <trkpt lat="56.96266165541549" lon="24.10360326621857">
                                                                                                            <ele>0</ele>
                                    <name>514</name>
                                </trkpt>
                                                                                                                                                                                                                                    <trkpt lat="56.9588492721713" lon="24.10288232266571">
                                                                                                            <ele>0</ele>
                                    <name>515</name>
                                </trkpt>
                                                                                                                                                                                                                                    <trkpt lat="56.9588324111209" lon="24.102905193799">
                                                                                                            <ele>0</ele>
                                    <name>516</name>
                                </trkpt>
                                                                                                                                                                                                                                    <trkpt lat="56.95854082733342" lon="24.10532741628231">
                                                                                                            <ele>0</ele>
                                    <name>517</name>
                                </trkpt>
                                                                                                                                                                                                                                    <trkpt lat="56.95849433417319" lon="24.10554538301114">
                                                                                                            <ele>0</ele>
                                    <name>518</name>
                                </trkpt>
                                                                                                                                                                                                                                    <trkpt lat="56.95842485154717" lon="24.10570857338481">
                                                                                                            <ele>0</ele>
                                    <name>519</name>
                                </trkpt>
                                                                                                                                                                                                                                    <trkpt lat="56.95828059524959" lon="24.10593029674179">
                                                                                                            <ele>0</ele>
                                    <name>520</name>
                                </trkpt>
                                                                                                                                                                                                                                    <trkpt lat="56.95528010675543" lon="24.10952459131086">
                                                                                                            <ele>0</ele>
                                    <name>521</name>
                                </trkpt>
                                                                                                                                                                                                                                    <trkpt lat="56.95521415640761" lon="24.10962284446301">
                                                                                                            <ele>0</ele>
                                    <name>522</name>
                                </trkpt>
                                                                                                                                                                                                                                    <trkpt lat="56.95520266812939" lon="24.10967750569628">
                                                                                                            <ele>0</ele>
                                    <name>523</name>
                                </trkpt>
                                                                                                                                                                                                                                    <trkpt lat="56.95520581932809" lon="24.10973758849801">
                                                                                                            <ele>0</ele>
                                    <name>524</name>
                                </trkpt>
                                                                                                                                                                                                                                    <trkpt lat="56.95524395987383" lon="24.10985756297842">
                                                                                                            <ele>0</ele>
                                    <name>525</name>
                                </trkpt>
                                                                                                                                                                                                                                    <trkpt lat="56.95648406981914" lon="24.11361787638567">
                                                                                                            <ele>0</ele>
                                    <name>526</name>
                                </trkpt>
                                                                                                                                                                                                                                    <trkpt lat="56.95656308069834" lon="24.11377259657617">
                                                                                                            <ele>0</ele>
                                    <name>527</name>
                                </trkpt>
                                                                                                                                                                                                                                    <trkpt lat="56.95834305580837" lon="24.11725616404846">
                                                                                                            <ele>0</ele>
                                    <name>528</name>
                                </trkpt>
                                                                                                                                                                                                                                    <trkpt lat="56.95835762040164" lon="24.11729339408149">
                                                                                                            <ele>0</ele>
                                    <name>529</name>
                                </trkpt>
                                                                                                                                                                                                                                    <trkpt lat="56.9583625494463" lon="24.11732671217609">
                                                                                                            <ele>0</ele>
                                    <name>530</name>
                                </trkpt>
                                                                                                                                                                                                                                    <trkpt lat="56.95835320513356" lon="24.11737751852844">
                                                                                                            <ele>0</ele>
                                    <name>531</name>
                                </trkpt>
                                                                                                                                                                                                                                    <trkpt lat="56.95833303884427" lon="24.11742565957779">
                                                                                                            <ele>0</ele>
                                    <name>532</name>
                                </trkpt>
                                                                                                                                                                                                                                    <trkpt lat="56.95804156491651" lon="24.11798367275359">
                                                                                                            <ele>0</ele>
                                    <name>533</name>
                                </trkpt>
                                                                                                                                                                                                                                    <trkpt lat="56.95641235071504" lon="24.12110131256784">
                                                                                                            <ele>0</ele>
                                    <name>534</name>
                                </trkpt>
                                                                                                                                                                                                                                    <trkpt lat="56.95636831052349" lon="24.12115591076227">
                                                                                                            <ele>0</ele>
                                    <name>535</name>
                                </trkpt>
                                                                                                                                                                                                                                    <trkpt lat="56.9563541339328" lon="24.12117278406684">
                                                                                                            <ele>0</ele>
                                    <name>536</name>
                                </trkpt>
                                                                                                                                                                                                                                    <trkpt lat="56.95632105240036" lon="24.12115343852275">
                                                                                                            <ele>0</ele>
                                    <name>537</name>
                                </trkpt>
                                                                                                                                                                                                                                    <trkpt lat="56.95530416839609" lon="24.11940477910827">
                                                                                                            <ele>0</ele>
                                    <name>538</name>
                                </trkpt>
                                                                                                                                                                                                                                    <trkpt lat="56.95450750991198" lon="24.11797772177109">
                                                                                                            <ele>0</ele>
                                    <name>539</name>
                                </trkpt>
                                                                                                                                                                                                                                    <trkpt lat="56.95432761539506" lon="24.11765895600682">
                                                                                                            <ele>0</ele>
                                    <name>540</name>
                                </trkpt>
                                                                                                                                                                                                                                    <trkpt lat="56.95408543961652" lon="24.11723771525878">
                                                                                                            <ele>0</ele>
                                    <name>541</name>
                                </trkpt>
                                                                                                                                                                                                                                    <trkpt lat="56.95158314460463" lon="24.11318696020153">
                                                                                                            <ele>0</ele>
                                    <name>542</name>
                                </trkpt>
                                                                                                                                                                                                                                    <trkpt lat="56.95114013892843" lon="24.11259487186108">
                                                                                                            <ele>0</ele>
                                    <name>543</name>
                                </trkpt>
                                                                                                                                                                                                                                    <trkpt lat="56.95061598359599" lon="24.11175194866867">
                                                                                                            <ele>0</ele>
                                    <name>544</name>
                                </trkpt>
                                                                                                                                                                                                                                    <trkpt lat="56.95059770595366" lon="24.11170628609283">
                                                                                                            <ele>0</ele>
                                    <name>545</name>
                                </trkpt>
                                                                                                                                                                                                                                    <trkpt lat="56.95059222765609" lon="24.1116580431884">
                                                                                                            <ele>0</ele>
                                    <name>546</name>
                                </trkpt>
                                                                                                                                                                                                                                    <trkpt lat="56.95059856878067" lon="24.1116002814116">
                                                                                                            <ele>0</ele>
                                    <name>547</name>
                                </trkpt>
                                                                                                                                                                                                                                    <trkpt lat="56.95062138149918" lon="24.11152939609059">
                                                                                                            <ele>0</ele>
                                    <name>548</name>
                                </trkpt>
                                                                                                                                                                                                                                    <trkpt lat="56.95182423104846" lon="24.10956747965446">
                                                                                                            <ele>0</ele>
                                    <name>549</name>
                                </trkpt>
                                                                                                                                                                                                                                    <trkpt lat="56.95188288771894" lon="24.10938462965366">
                                                                                                            <ele>0</ele>
                                    <name>550</name>
                                </trkpt>
                                                                                                                                                                                                                                    <trkpt lat="56.95194154423129" lon="24.10919102313756">
                                                                                                            <ele>0</ele>
                                    <name>551</name>
                                </trkpt>
                                                                                                                                                                                                                                    <trkpt lat="56.95197087246863" lon="24.10907270760752">
                                                                                                            <ele>0</ele>
                                    <name>552</name>
                                </trkpt>
                                                                                                                                                                                                                                    <trkpt lat="56.95201779773057" lon="24.10871775884184">
                                                                                                            <ele>0</ele>
                                    <name>553</name>
                                </trkpt>
                                                                                                                                                                                                                                    <trkpt lat="56.95217616403571" lon="24.10748079765295">
                                                                                                            <ele>0</ele>
                                    <name>554</name>
                                </trkpt>
                                                                                                                                                                                                                                    <trkpt lat="56.95240252077554" lon="24.10687163920776">
                                                                                                            <ele>0</ele>
                                    <name>555</name>
                                </trkpt>
                                                                                                                                                                                                                                    <trkpt lat="56.9525945846231" lon="24.10653935803662">
                                                                                                            <ele>0</ele>
                                    <name>556</name>
                                </trkpt>
                                                                                                                                                                                                                                    <trkpt lat="56.95317524571385" lon="24.10583081633717">
                                                                                                            <ele>0</ele>
                                    <name>557</name>
                                </trkpt>
                                                                                                                                                                                                                                    <trkpt lat="56.95326447851248" lon="24.1058353736994">
                                                                                                            <ele>0</ele>
                                    <name>558</name>
                                </trkpt>
                                                                                                                                                                                                                                    <trkpt lat="56.95333165437868" lon="24.10593293171049">
                                                                                                            <ele>0</ele>
                                    <name>559</name>
                                </trkpt>
                                                                                                                                                                                                                                    <trkpt lat="56.9550658860626" lon="24.10927985210158">
                                                                                                            <ele>0</ele>
                                    <name>560</name>
                                </trkpt>
                                                                                                                                                                                                                                    <trkpt lat="56.95513069422869" lon="24.10934282831089">
                                                                                                            <ele>0</ele>
                                    <name>561</name>
                                </trkpt>
                                                                                                                                                                                                                                    <trkpt lat="56.95519558569763" lon="24.10934699341745">
                                                                                                            <ele>0</ele>
                                    <name>562</name>
                                </trkpt>
                                                                                                                                                                                                                                    <trkpt lat="56.95538309355406" lon="24.1091659006536">
                                                                                                            <ele>0</ele>
                                    <name>563</name>
                                </trkpt>
                                                                                                                                                                                                                                    <trkpt lat="56.95823833627481" lon="24.10586957276072">
                                                                                                            <ele>0</ele>
                                    <name>564</name>
                                </trkpt>
                                                                                                                                                                                                                                    <trkpt lat="56.9583834982037" lon="24.10564863713665">
                                                                                                            <ele>0</ele>
                                    <name>565</name>
                                </trkpt>
                                                                                                                                                                                                                                    <trkpt lat="56.95842800749638" lon="24.1055357289067">
                                                                                                            <ele>0</ele>
                                    <name>566</name>
                                </trkpt>
                                                                                                                                                                                                                                    <trkpt lat="56.95847943923966" lon="24.1053590993919">
                                                                                                            <ele>0</ele>
                                    <name>567</name>
                                </trkpt>
                                                                                                                                                                                                                                    <trkpt lat="56.95851180431527" lon="24.10520494364244">
                                                                                                            <ele>0</ele>
                                    <name>568</name>
                                </trkpt>
                                                                                                                                                                                                                                    <trkpt lat="56.95855166651666" lon="24.10492860464987">
                                                                                                            <ele>0</ele>
                                    <name>569</name>
                                </trkpt>
                                                                                                                                                                                                                                    <trkpt lat="56.95921214202451" lon="24.09867154658671">
                                                                                                            <ele>0</ele>
                                    <name>570</name>
                                </trkpt>
                                                                                                                                                                                                                                    <trkpt lat="56.95923393521993" lon="24.09848770912343">
                                                                                                            <ele>0</ele>
                                    <name>571</name>
                                </trkpt>
                                                                                                                                                                                                                                    <trkpt lat="56.95923340711366" lon="24.09835309501232">
                                                                                                            <ele>0</ele>
                                    <name>572</name>
                                </trkpt>
                                                                                                                                                                                                                                    <trkpt lat="56.95920991612004" lon="24.09826433126695">
                                                                                                            <ele>0</ele>
                                    <name>573</name>
                                </trkpt>
                                                                                                                                                                                                                                    <trkpt lat="56.95917166777645" lon="24.09821413619299">
                                                                                                            <ele>0</ele>
                                    <name>574</name>
                                </trkpt>
                                                                                                                                                                                                                                    <trkpt lat="56.95908872752232" lon="24.09818673619892">
                                                                                                            <ele>0</ele>
                                    <name>575</name>
                                </trkpt>
                                                                                                                                                                                                                                    <trkpt lat="56.95816640180349" lon="24.09819692525402">
                                                                                                            <ele>0</ele>
                                    <name>576</name>
                                </trkpt>
                                                                                                                                                                                                                                    <trkpt lat="56.9580004377106" lon="24.0981432600782">
                                                                                                            <ele>0</ele>
                                    <name>577</name>
                                </trkpt>
                                                                                                                                                                                                                                    <trkpt lat="56.95777589573763" lon="24.09804485124963">
                                                                                                            <ele>0</ele>
                                    <name>578</name>
                                </trkpt>
                                                                                                                                                                                                                                    <trkpt lat="56.95664828357212" lon="24.09739167898204">
                                                                                                            <ele>0</ele>
                                    <name>579</name>
                                </trkpt>
                                                                                                                                                                                                                                    <trkpt lat="56.95637491998369" lon="24.09723062387485">
                                                                                                            <ele>0</ele>
                                    <name>580</name>
                                </trkpt>
                                                                                                                                                                                                                                    <trkpt lat="56.95617477810458" lon="24.09711430746486">
                                                                                                            <ele>0</ele>
                                    <name>581</name>
                                </trkpt>
                                                                                                                                                                                                                                    <trkpt lat="56.95578279097732" lon="24.09697837976029">
                                                                                                            <ele>0</ele>
                                    <name>582</name>
                                </trkpt>
                                                                                                                                                                                                                                    <trkpt lat="56.95548941189854" lon="24.09692688289136">
                                                                                                            <ele>0</ele>
                                    <name>583</name>
                                </trkpt>
                                                                                                                                                                                                                                    <trkpt lat="56.95496295856477" lon="24.09705971201408">
                                                                                                            <ele>0</ele>
                                    <name>584</name>
                                </trkpt>
                                                                                                                                                                                                                                    <trkpt lat="56.954468667961" lon="24.09732518387058">
                                                                                                            <ele>0</ele>
                                    <name>585</name>
                                </trkpt>
                                                                                                                                                                                                                                    <trkpt lat="56.95134834482321" lon="24.09915356905629">
                                                                                                            <ele>0</ele>
                                    <name>586</name>
                                </trkpt>
                                                                                                                                                                                                                                    <trkpt lat="56.95091242868804" lon="24.09947449283715">
                                                                                                            <ele>0</ele>
                                    <name>587</name>
                                </trkpt>
                                                                                                                                                                                                                                    <trkpt lat="56.95067609238425" lon="24.09967829973818">
                                                                                                            <ele>0</ele>
                                    <name>588</name>
                                </trkpt>
                                                                                                                                                                                                                                    <trkpt lat="56.94884524395839" lon="24.1015867689586">
                                                                                                            <ele>0</ele>
                                    <name>589</name>
                                </trkpt>
                                                                                                            
                    </trkseg>
                </trk>
                                                            
    
</gpx>